review_id,generated_score
2411,8.4
2272,8.4
2561,6.4
1321,8.6
1639,7.8
2852,8.0
2331,9.4
11042,8.0
10876,8.6
10993,7.5
10975,5.6
10936,6.6
11137,7.9
11103,7.9
11078,7.6
11278,6.0
11062,6.2
11357,7.9
11417,5.3
10941,7.1
11233,8.8
14041,8.2
14205,6.3
14111,8.5
14552,8.7
14219,10.0
14501,7.3
14077,5.9
15645,8.5
16199,7.6
16492,7.0
16188,5.8
15661,6.3
16426,8.1
16633,10.0
26382,10.0
26348,10.0
26315,8.9
26284,7.6
26331,8.1
26299,8.9
26365,8.3
11671,7.6
11824,9.7
11234,8.3
11990,5.9
11625,7.4
11530,8.7
11219,7.7
22197,7.6
22080,9.9
22217,8.8
22108,7.9
22940,10.0
22094,5.4
22647,6.4
21138,8.0
20716,6.4
20062,8.1
19641,8.3
20599,6.9
19479,7.8
20661,8.3
15674,10.0
15827,4.5
16176,7.9
15570,8.1
15610,6.6
15805,6.3
15946,8.9
15941,5.5
16424,6.9
15017,8.2
15120,6.8
14987,8.0
16556,8.0
16087,7.8
14823,5.9
14990,7.4
15005,7.4
14911,7.3
14944,6.7
14874,6.1
14960,9.0
8431,9.0
6670,4.4
5207,10.0
5451,8.3
6465,6.6
7687,9.6
7024,7.1
13019,8.1
13250,7.8
13191,7.8
13127,7.1
13277,8.8
13239,7.7
13032,5.5
13932,6.6
15276,8.7
13853,7.1
15825,8.6
15600,6.3
16004,7.8
16065,6.3
9613,9.6
9664,7.4
10036,8.8
9760,8.2
10061,7.5
9687,7.7
9640,7.3
3284,5.4
2257,8.7
3456,8.6
2742,8.3
3016,6.7
1936,9.2
2047,6.2
18522,2.9
18129,5.9
18661,7.8
18321,7.6
18775,8.7
18962,6.8
19051,7.3
1260,7.5
1238,6.4
1202,7.2
1214,8.4
1190,7.1
1271,6.3
1226,7.6
5488,7.9
6014,8.3
4973,7.7
4764,8.4
5303,7.6
6144,10.0
6317,7.4
642,6.9
452,7.5
567,7.3
697,6.3
780,8.1
377,7.5
257,6.8
14605,8.2
14686,7.9
14620,7.7
14706,7.1
14648,7.7
14526,7.9
14716,7.8
24784,9.0
25341,8.2
24952,7.1
25321,7.5
25217,5.8
24486,8.5
25031,9.6
5024,7.9
5750,6.6
5999,7.0
5496,5.5
6044,6.8
5372,7.9
4986,8.7
20935,7.0
20743,7.7
20946,9.5
20984,7.5
20869,8.1
20966,7.0
20991,6.5
2617,8.1
2471,9.2
2554,5.8
2001,8.0
2320,8.0
2305,8.5
2423,7.4
21900,6.3
21590,8.8
21600,7.6
21734,7.2
21581,8.7
21626,8.0
21631,7.5
23174,7.8
21952,4.4
23219,7.6
23039,7.7
23197,6.1
22184,5.1
23073,9.3
4010,7.5
4672,7.1
3062,7.5
3088,7.0
3827,6.3
4146,8.3
2824,8.0
8336,8.7
8526,9.0
9273,10.0
8753,6.5
9200,8.6
8731,9.8
9012,9.1
19657,8.7
19640,7.2
19122,7.8
19338,8.5
19312,9.1
19623,6.6
19724,7.3
23791,5.6
23906,8.3
23746,8.0
23731,8.7
23870,7.5
23858,8.5
23833,6.9
22697,8.0
22667,8.3
22582,7.1
22341,6.3
22377,5.3
22780,7.6
22590,6.7
12273,9.0
12287,7.2
12135,7.3
12096,8.1
12281,6.9
12213,10.0
12161,8.1
5235,8.1
5289,7.7
5197,4.5
5253,8.7
5307,10.0
5271,7.7
5216,7.5
9109,7.1
8576,7.4
8939,7.0
8452,6.1
7841,7.7
9176,5.9
7757,6.9
19344,6.4
18862,6.3
17596,8.1
18633,6.1
19407,8.9
20614,8.1
19681,9.4
7164,7.1
6992,8.0
7077,9.4
7203,9.5
7062,7.2
7107,8.3
7122,7.3
1236,6.8
1288,8.7
1269,8.2
1279,7.3
1320,9.1
1332,6.3
1326,8.1
805,8.9
1159,7.1
1177,7.7
826,5.6
1123,7.6
892,8.7
1153,9.3
19927,7.5
19678,7.8
18709,10.0
20228,7.8
20521,7.6
19280,8.0
19332,6.9
569,7.0
664,7.9
493,6.4
501,8.5
633,8.5
463,5.1
622,6.8
5356,7.2
6944,7.8
4895,7.7
6203,7.7
4921,8.5
6290,8.0
6706,5.9
9879,6.7
9918,5.8
10043,6.3
9892,8.1
10012,7.0
10051,10.0
10001,6.8
20043,10.0
21478,8.7
20498,9.6
20786,7.3
19624,6.3
20273,6.4
20306,8.3
7512,7.6
6977,7.6
6653,7.6
7693,9.0
5667,7.5
5813,6.7
7864,8.3
24778,6.3
24958,6.8
24483,8.5
24593,8.7
24718,6.3
24643,8.3
24518,6.6
26149,7.3
26337,9.6
26250,9.9
26275,8.3
26305,6.3
26191,7.7
26177,8.2
6677,7.0
5846,8.1
7254,8.3
5869,9.4
6915,8.4
6517,9.0
6429,7.8
19956,7.7
19279,7.4
18773,8.5
20310,9.6
18208,9.3
20604,6.3
19996,9.5
12580,8.5
12068,7.8
12047,8.5
12384,7.1
12492,5.9
12413,6.2
12090,6.6
9619,10.0
9740,4.2
9576,7.0
9682,5.9
9529,8.8
9605,8.1
9515,8.4
25515,6.2
24880,5.7
25865,8.1
25245,7.7
26242,5.6
25798,7.5
24659,6.3
19148,6.9
19458,8.1
19589,8.9
19138,7.3
19478,8.5
19788,6.2
19467,7.4
24998,8.1
24861,6.2
25008,7.0
24916,7.1
24942,6.6
24889,7.5
24750,6.3
10492,7.5
10634,7.8
10384,10.0
10766,7.9
10536,8.0
10321,10.0
10552,7.6
18806,6.3
18824,8.0
18860,7.5
18989,9.3
18959,5.1
18927,8.3
18757,8.5
170,9.0
224,6.4
86,6.4
58,4.3
135,6.5
72,7.1
231,6.3
202,8.0
88,9.5
112,7.9
19,6.7
124,5.4
60,8.0
46,7.8
3029,8.3
2723,7.3
2619,7.8
3106,8.1
2644,7.5
3093,7.7
2655,7.0
227,9.2
241,7.6
49,7.2
37,8.2
151,7.6
220,8.7
115,5.5
1722,6.4
1840,7.7
1733,4.0
1827,8.1
1642,7.0
1786,9.0
1874,6.6
10907,6.8
11035,7.3
10829,9.4
10870,7.6
11019,7.9
10793,9.4
11111,8.3
11836,10.0
11924,6.3
11754,7.6
11879,8.9
11730,8.8
11891,8.6
11902,7.6
3100,8.3
3449,8.5
3025,6.7
3048,8.9
3470,9.6
2985,8.3
3087,8.5
2592,8.3
2494,8.6
1282,10.0
2226,7.0
1567,8.0
2605,6.7
2954,6.7
4447,8.2
4407,8.5
3808,7.8
3903,7.5
4217,7.6
4543,8.8
4685,7.1
17863,9.8
18762,6.1
17959,7.0
17783,7.7
17571,8.3
17837,6.5
19128,6.4
1881,8.1
2736,8.2
1203,5.7
1357,9.1
2579,8.6
1862,6.9
2472,6.3
23423,7.4
23232,6.8
23407,4.4
23333,7.0
23558,7.1
23092,7.8
23519,7.1
3876,8.5
4138,6.6
4108,5.7
4123,7.2
3891,8.5
3977,7.3
3971,10.0
8897,8.2
8868,5.1
8453,10.0
8492,8.7
8432,6.9
8562,8.7
8634,8.8
19969,7.7
20141,3.7
19618,8.1
19462,8.1
19930,8.6
19454,9.1
20009,8.1
8090,6.5
6825,8.9
6954,7.5
7285,8.7
7976,6.9
7748,9.0
6454,7.5
3684,8.8
3844,8.5
4595,7.4
4043,9.1
3986,7.2
4704,9.0
3771,8.6
7955,6.7
7875,7.6
7759,8.7
7939,8.2
8003,7.8
7987,10.0
7684,3.7
12849,8.2
12568,8.1
12245,6.9
12767,5.3
12862,7.5
13080,7.7
12317,8.2
25006,7.6
24634,7.3
24450,7.1
25024,7.5
24759,5.3
25248,8.1
25161,7.7
173,6.8
76,7.3
21,8.8
28,8.5
683,8.5
468,7.6
138,7.6
12617,10.0
13020,5.1
12823,7.0
12796,7.9
12951,7.9
12703,7.4
12888,9.5
19253,7.2
20036,7.7
18029,7.9
19162,7.9
19036,8.4
17735,9.1
19763,7.9
19813,7.1
19516,8.1
19720,7.6
19703,8.1
20029,8.3
19950,7.2
20067,7.4
13351,9.1
13575,6.9
13831,8.7
13742,8.2
13536,8.7
13786,8.1
13692,7.7
1833,8.7
2797,6.7
1707,7.4
2720,7.0
3393,6.3
1699,8.2
2553,7.6
19006,7.8
20147,8.5
20629,7.0
18380,7.9
18223,10.0
20219,6.2
19050,8.1
25263,8.0
25290,8.7
25123,8.6
25108,9.9
25156,6.8
25234,7.4
25140,7.7
25718,7.6
25638,5.8
25683,8.0
25668,6.5
25653,8.8
25704,8.4
25696,8.5
4306,7.7
4419,8.7
4459,8.1
4290,10.0
4333,8.8
4342,8.5
4313,4.3
14305,8.5
14020,7.2
14124,6.9
14013,7.2
14244,6.5
14027,5.5
14201,9.5
22456,7.8
21926,6.1
21585,7.8
22472,8.5
22044,8.9
22439,6.2
21639,5.6
12458,8.2
12388,5.4
12366,8.4
12403,7.9
12417,6.0
12431,7.3
12329,7.9
24453,8.5
24571,8.1
24694,6.3
24417,8.3
24524,5.7
24556,7.9
24649,8.2
6307,9.6
5281,8.1
6614,8.3
6625,7.7
5578,9.1
5141,7.0
7126,6.6
13734,8.6
15702,8.5
15199,8.7
16193,6.3
16135,5.9
15348,6.4
15945,7.6
15936,10.0
14576,4.1
16349,6.0
14474,7.8
14492,7.1
16302,7.1
14560,7.6
9240,7.8
8955,8.7
9225,7.6
9110,8.5
9116,6.8
9327,6.3
8942,7.6
872,5.3
882,8.2
758,7.9
816,8.6
1132,8.6
1104,6.9
934,8.2
7055,5.6
7171,9.1
7040,10.0
7115,5.9
7185,9.3
7085,9.6
7129,9.0
13902,9.4
14235,6.3
14261,8.1
15856,5.8
13825,9.9
16103,9.2
14730,8.7
9704,7.7
9562,8.6
9496,7.9
9723,8.1
9634,7.8
9683,9.2
9732,8.2
3067,8.4
2789,6.2
2810,8.0
3018,5.5
2606,9.5
2673,8.2
3009,6.7
5656,8.3
6932,7.8
6116,10.0
5528,6.5
5211,8.6
5620,6.1
5175,7.8
7985,6.9
9000,8.7
9396,7.7
8647,6.6
8292,6.1
7825,9.4
8213,8.1
18937,7.5
18256,8.4
18953,8.9
18232,7.6
18620,6.5
18905,7.1
18217,6.6
21422,7.8
21333,5.7
21438,7.6
19709,7.6
20903,10.0
21151,8.4
19895,9.0
12286,7.3
12106,7.6
12234,7.5
12171,7.5
12310,7.3
12222,7.7
12158,7.3
15735,5.7
15806,7.9
15828,9.8
15705,7.7
15817,10.0
15675,6.9
15690,8.5
2733,8.5
1797,7.4
3270,5.4
2478,5.6
2850,8.5
666,7.1
1204,8.3
17394,7.9
18551,7.5
16769,6.3
18355,6.9
18930,6.6
18084,8.2
16724,6.3
19246,10.0
19274,2.9
19532,9.0
19378,7.8
19617,7.7
19261,9.5
19735,7.0
7396,8.6
7299,8.9
7316,8.1
7327,8.1
7337,8.2
7349,7.4
7463,5.8
9554,7.5
10016,7.7
9937,7.8
9751,8.8
9538,7.8
9717,8.6
9726,6.8
6141,8.3
6369,6.7
5675,7.0
5780,9.3
6462,8.4
6291,5.9
6693,7.4
5565,7.6
6173,7.9
5884,7.5
5283,8.9
5835,6.3
5953,6.9
5598,8.0
283,9.7
180,8.3
85,7.4
469,7.9
43,7.8
489,7.0
208,8.4
23320,8.9
23100,7.2
23192,9.1
23236,8.2
23253,7.7
23312,7.3
23332,6.3
25126,6.3
26179,9.9
24682,10.0
25192,7.4
25329,6.3
24388,7.0
24597,7.5
16073,7.2
16491,6.0
16528,7.0
16210,8.9
16565,7.7
15996,9.9
16171,6.4
6985,9.2
7457,5.7
6834,3.4
6727,6.9
7081,8.7
7551,6.6
6696,6.6
2815,7.9
3455,7.5
3162,7.5
4443,9.7
4116,6.2
3037,8.2
3711,7.6
20100,8.9
20576,8.9
21327,7.9
19757,5.1
19491,6.5
20962,7.9
20916,9.1
13372,8.2
13569,9.0
13830,8.4
13617,8.4
13649,7.6
13962,6.1
13970,6.1
9499,7.7
9608,9.0
9883,7.6
9705,7.2
9959,6.4
9820,8.0
9482,7.1
22593,5.8
21990,7.4
22856,4.9
14549,7.4
17401,7.4
14581,9.3
19075,6.3
11736,9.6
11561,8.9
11548,5.7
11601,8.6
11613,6.2
11966,10.0
11181,8.9
6663,6.7
6975,9.1
7566,8.7
7036,8.0
7111,6.9
7022,7.3
7096,5.5
18828,7.5
18075,10.0
18846,6.3
16694,8.6
16754,8.0
17405,7.4
16956,7.9
3483,8.3
2906,7.1
3997,9.3
3818,6.7
3514,8.6
3749,9.2
4423,9.6
16398,8.5
15677,8.8
15889,8.2
16370,7.4
16214,8.5
15785,7.0
16662,10.0
1653,6.8
1334,9.1
282,7.5
2896,8.7
2788,8.7
1895,9.0
222,8.8
12072,7.9
12109,7.7
12225,4.8
12187,9.1
12122,7.4
12237,7.9
12295,8.5
13546,7.4
13359,7.4
13533,10.0
13559,9.6
13506,9.9
13408,7.4
13476,6.6
17422,10.0
17437,5.0
17534,9.3
17624,8.1
17488,8.8
17378,7.0
17549,9.6
26059,7.4
25502,5.6
25583,5.7
25636,8.9
25181,7.8
24584,8.3
25084,4.4
444,10.0
768,6.1
587,9.3
725,6.3
305,8.9
711,4.5
347,5.5
11002,10.0
11067,6.3
10841,8.5
10786,7.6
10927,7.0
10779,7.9
10947,7.9
21405,7.5
19964,6.6
21164,8.4
20420,6.3
21597,9.1
21272,8.3
19725,8.4
23051,10.0
23265,6.4
23068,9.7
23130,7.0
23034,8.9
23115,5.7
23085,10.0
7880,8.3
5428,6.3
8436,8.6
6246,5.5
5399,7.3
5731,8.3
8326,7.8
15351,9.3
15315,8.3
15243,8.0
15481,7.0
15385,8.8
15213,7.1
15226,10.0
4160,7.0
3192,10.0
3418,7.7
3431,7.1
3026,3.3
2832,7.8
4281,8.2
6511,5.7
7325,7.1
6754,6.3
7478,10.0
7690,7.2
6467,7.3
7127,5.9
1387,8.4
1500,9.0
1488,8.2
1523,8.9
1414,6.5
1402,8.4
1571,8.1
5955,8.6
6002,6.9
6119,7.3
6346,7.7
5986,7.4
6453,7.5
6047,5.1
25663,6.7
25238,4.9
24829,7.2
24251,8.4
24289,7.4
24055,6.8
25562,8.2
5128,7.7
6045,8.4
5984,8.1
5616,7.6
5507,7.4
5337,8.6
5761,9.2
19169,7.0
17379,8.1
17755,9.1
18111,8.2
17796,7.1
17526,8.6
17400,7.9
24021,7.8
23675,7.6
23974,7.8
23656,7.3
23788,5.5
23989,6.3
24007,9.3
6247,7.9
5499,7.7
5118,5.1
5109,9.1
6255,5.5
5354,7.6
5890,10.0
25541,7.6
26032,5.7
25703,8.0
26165,6.9
25681,5.6
25621,6.3
24610,10.0
15581,9.0
15569,8.7
15576,7.9
15572,7.8
15602,8.4
15588,8.1
15609,7.7
22016,6.9
22608,7.6
21603,10.0
21783,8.2
21907,8.0
21987,7.8
21973,9.1
12666,9.2
12708,8.8
12694,8.4
12638,8.1
12740,10.0
12801,7.0
12652,8.8
23359,10.0
23391,7.0
22961,7.3
23163,6.1
23545,7.0
23346,8.8
23242,5.2
9356,6.2
9013,8.4
9451,5.5
9049,7.1
9514,7.7
9315,7.7
9186,7.3
12467,6.5
12516,8.3
12811,9.0
12914,5.7
12034,8.5
12837,5.4
12824,7.6
98,7.0
200,8.1
237,6.3
146,6.2
498,8.7
134,8.4
273,8.4
22855,7.9
21922,9.3
22436,7.2
21970,4.1
22923,7.6
22499,8.2
22685,6.2
1186,8.5
1122,7.4
1067,8.4
1139,7.0
1176,6.6
1167,5.8
1056,7.3
6280,6.2
5901,6.6
5876,8.4
5918,5.4
5970,7.6
6293,8.0
5942,8.2
3307,7.4
2961,9.4
3320,7.6
3061,6.3
3479,6.6
3014,5.8
3113,8.3
18697,7.0
18146,4.5
18792,7.3
17032,7.5
18368,7.4
18006,6.5
16969,7.6
13181,9.5
12742,8.2
13021,7.9
12710,6.8
13299,8.0
13279,5.3
12843,8.1
18527,8.3
19016,7.9
20612,5.9
18735,7.8
20528,8.0
20711,6.4
18618,4.8
19962,6.7
23489,6.5
20412,8.8
17991,10.0
22364,6.4
19775,8.7
23475,7.8
10101,6.3
10259,5.7
9804,7.7
9903,9.3
9999,8.8
10389,7.3
10041,8.7
5269,7.9
5132,7.7
5161,8.0
5088,8.1
5419,6.6
5104,7.7
5122,9.2
843,6.0
1147,9.5
964,4.8
851,8.7
1187,6.3
746,6.9
903,6.5
18353,8.0
18141,7.9
19101,8.7
20639,7.1
18585,9.7
18560,9.8
17684,7.5
22050,7.9
21992,9.6
22022,8.2
22092,7.8
22078,7.8
21964,7.9
21978,9.2
21155,7.6
21190,6.9
21090,8.0
21201,7.9
21283,7.3
21305,7.5
21244,7.4
20295,6.5
20769,9.5
21465,9.5
20347,7.8
20081,8.3
20331,6.0
19658,8.2
1796,7.7
1770,8.2
1758,9.2
1823,10.0
1782,9.3
1836,7.4
1810,9.6
91,5.6
77,8.9
103,4.4
185,7.6
234,4.4
212,8.1
254,8.1
1666,7.5
1641,6.3
1019,7.8
699,7.3
3136,7.3
2857,5.9
2766,6.5
8076,7.0
8123,7.7
8080,7.4
8088,7.8
8136,9.5
8103,7.8
8096,8.1
17990,8.2
19084,8.4
18113,7.3
17827,7.3
17419,7.6
17485,8.7
16784,9.3
21223,7.9
21294,8.7
21298,8.2
21212,7.9
21179,8.8
21103,7.1
21289,7.3
12797,6.6
12720,5.9
12902,7.3
12552,9.1
12362,7.4
12427,8.3
12129,5.8
652,6.5
735,6.1
318,4.9
718,6.8
367,5.5
298,9.7
338,8.1
15499,9.4
15216,6.7
15318,7.7
15178,10.0
15194,6.6
15436,9.0
15229,8.1
7559,6.9
7544,8.2
7529,8.0
7466,7.7
7587,9.1
7365,6.9
7498,7.1
22413,7.5
22810,7.8
22395,9.2
22749,6.9
22464,7.5
22765,6.3
22680,4.7
20120,9.5
19744,8.3
20286,5.0
18486,6.3
19193,8.8
18623,8.6
20430,7.6
17545,6.7
17620,9.7
17450,6.9
17820,8.3
17910,6.6
17393,8.8
17956,5.9
26047,7.0
26146,9.2
25973,8.7
26381,8.9
26108,7.5
26364,8.5
26096,8.8
25611,7.9
25827,6.5
25785,7.6
25499,6.9
25572,6.5
25486,6.3
24432,8.5
25603,9.6
25933,7.0
25020,7.9
24445,8.7
23821,9.6
24010,7.1
23748,6.9
997,8.3
876,7.3
976,9.4
919,7.9
1008,7.3
886,8.5
987,6.9
6982,9.3
7019,7.7
6965,8.8
7063,8.9
7078,7.6
7033,7.0
6972,7.8
13312,7.3
14395,8.1
13697,5.7
14052,5.8
13963,8.1
14272,8.5
14429,4.5
15850,8.6
16180,6.3
15895,7.9
15819,8.1
16150,6.5
16084,6.2
15773,8.5
2994,7.1
2377,6.3
2823,6.3
4499,4.9
2760,6.6
4034,10.0
3943,6.4
4631,9.0
4471,9.6
4583,7.4
4338,7.6
4657,6.9
4599,8.0
4679,7.0
3697,7.0
4695,8.3
3736,6.7
4175,8.1
4467,8.9
4611,9.1
4561,8.0
23755,6.8
23785,7.0
23712,8.9
23671,9.2
23896,5.1
24000,9.6
24283,8.9
3355,7.8
3894,6.9
2462,8.1
4343,8.1
3263,8.2
3134,9.3
3741,7.9
6106,6.3
6033,5.8
6003,7.7
5878,9.6
5930,7.9
6092,5.8
5956,7.7
5011,6.6
4933,8.6
4998,5.5
4894,7.8
4907,7.8
5363,7.4
4795,6.2
15325,9.7
15271,6.9
15253,10.0
15425,5.6
15457,7.9
15289,8.0
15409,6.4
20269,8.4
20449,8.8
20870,8.7
20168,9.0
20998,8.2
20410,8.6
20957,8.0
12376,8.5
11845,6.8
12470,7.8
12519,7.2
11984,7.3
12284,6.9
12430,6.8
11027,6.3
11043,6.3
11011,5.7
11132,8.1
11090,6.3
11075,6.4
11059,6.3
6193,6.3
7701,7.6
7678,6.2
5883,5.8
8315,9.6
6851,7.5
5126,8.4
11556,7.3
11633,8.2
11596,8.6
11569,7.2
11609,8.1
11645,7.1
11621,6.3
17516,5.7
18671,7.6
17998,8.5
16962,8.1
16887,8.6
18746,9.0
17135,8.8
6632,5.6
7536,6.6
7406,9.5
6959,8.3
6956,8.8
7423,7.1
6821,8.5
18097,9.7
18601,7.2
16900,6.4
18310,10.0
18426,10.0
16635,8.9
17434,9.6
14307,7.0
14547,8.6
14666,6.4
15687,6.6
16125,8.9
15180,6.1
14947,9.7
21588,7.2
19789,9.7
21490,8.3
21262,4.8
19506,8.7
20136,7.2
19607,8.8
7328,6.1
6686,8.5
7781,6.3
7168,8.9
7292,7.9
8282,6.4
8082,8.1
1852,7.0
1814,4.8
1632,8.2
1692,8.8
1750,7.6
1762,4.3
1710,6.1
7541,8.5
7428,6.3
6999,8.3
7347,4.1
6832,10.0
6896,7.5
6780,8.0
25401,6.5
25358,8.3
25386,10.0
25347,9.9
25413,3.6
25530,7.8
25336,8.7
12984,7.1
12998,7.0
13027,7.0
12979,4.0
13014,7.5
12990,7.7
13006,8.3
20947,7.0
20077,7.4
20967,8.5
21054,10.0
20828,6.4
20566,9.6
20317,8.6
25102,5.0
25063,9.4
25077,6.2
25176,9.1
25220,7.8
25297,7.9
25270,8.2
17865,8.0
17785,7.3
17926,5.4
17852,7.4
17839,7.3
17743,5.2
17949,9.7
21326,7.8
21356,7.1
21411,7.8
21471,7.1
21340,9.0
21444,9.3
21532,7.1
7053,9.0
6565,7.2
6858,7.2
6978,7.9
6793,6.1
7305,7.5
6337,9.4
15935,5.5
16104,9.4
15010,7.6
15245,7.6
15483,7.2
15228,6.6
15115,7.6
12404,7.6
12533,7.9
12299,4.4
12367,7.0
12389,9.8
12291,8.1
12432,10.0
19798,6.3
19783,4.1
19139,7.7
19184,6.6
19123,10.0
19160,7.5
19216,9.9
6396,7.8
6987,10.0
5683,9.3
6799,8.3
6182,8.1
5824,5.5
5632,7.8
15413,6.4
15198,8.1
14929,6.5
15461,8.3
15257,5.3
14894,10.0
15477,6.0
2196,6.9
2003,7.8
2132,7.8
2172,5.9
2159,7.7
2090,8.1
2064,7.9
3334,8.8
2922,7.4
3370,8.5
3384,7.2
2936,6.3
3314,10.0
3357,8.0
18635,8.2
19897,10.0
19947,8.5
19306,7.7
20547,7.9
18519,9.9
19105,6.3
18768,8.5
18754,8.3
18743,7.8
18715,7.7
18733,7.5
18726,6.6
18719,7.9
14197,8.9
14068,9.1
14322,7.8
14119,7.1
14036,9.6
14056,7.7
14331,8.9
22285,5.5
22579,8.2
22251,8.3
22801,8.2
22916,6.3
22260,7.1
23024,9.3
8133,6.6
7808,9.3
9330,8.1
8964,5.5
9228,7.6
9187,8.3
8357,7.7
1400,4.6
1372,6.1
1391,7.2
1335,7.9
1343,7.8
1429,8.3
1406,5.2
1817,7.2
1697,6.4
1765,7.1
1604,7.8
1803,5.1
1624,5.3
1744,7.2
13077,7.2
13165,8.2
13201,6.3
13125,6.3
13213,7.8
13043,5.4
13189,6.5
3810,10.0
3387,8.4
3481,7.9
3712,5.5
3488,6.4
3570,8.1
3738,7.2
8927,7.5
8887,8.2
9165,7.7
9175,6.3
9445,10.0
8804,7.7
8914,9.9
5258,7.0
4866,6.3
5465,8.9
4824,4.4
5446,5.7
5294,7.9
5423,7.7
15708,6.0
16269,7.2
15693,7.5
16130,5.6
16342,8.3
15859,9.6
16566,8.1
6079,9.0
6107,4.7
5973,4.3
6174,8.2
6121,6.4
6035,7.1
6005,8.1
23975,7.3
24219,7.7
23982,8.7
24140,8.0
24189,9.1
24122,7.1
24008,7.6
2410,6.9
2190,7.0
2097,8.1
1876,7.4
2275,8.3
2515,4.5
2069,9.4
24115,9.1
23770,6.2
23854,7.8
23913,9.3
24133,8.3
24166,8.1
23841,7.1
6407,7.6
6395,8.8
6262,7.5
6419,7.9
6306,6.6
6105,6.3
5893,8.9
1950,7.4
1985,8.7
2011,7.3
2032,7.6
2104,7.9
2018,3.8
2041,6.6
12795,5.2
12688,6.6
12361,4.6
12647,9.0
12491,7.5
12412,9.4
12924,6.3
14600,8.3
14585,7.7
14644,8.5
14428,4.0
14537,5.7
14452,8.3
14615,8.3
2552,7.0
2589,5.6
2545,5.9
2513,7.6
2602,6.3
2491,6.6
2523,7.1
19672,8.6
19993,8.2
20071,7.9
20109,5.6
19891,8.5
19706,4.6
19858,7.2
10239,9.1
10254,6.5
10138,4.1
10172,7.7
10268,7.8
10207,5.4
10114,8.6
23150,5.9
22975,7.9
23058,7.3
23300,7.7
23594,6.4
23493,8.0
23583,9.5
3154,7.2
3280,8.8
4040,7.2
4024,7.9
3737,7.8
2854,8.3
3251,7.1
26021,7.9
24618,6.3
25185,6.4
25579,7.9
24971,8.2
26360,10.0
25041,7.2
4454,6.7
4395,4.1
4474,7.3
4493,6.8
4512,7.7
4351,9.5
4434,7.7
6374,8.4
7230,7.4
7196,8.0
7169,6.1
7113,7.0
6422,8.0
6500,7.2
20475,7.7
20977,7.9
20019,4.8
20611,8.9
20488,8.3
20280,9.1
20313,7.3
13124,6.9
13076,8.3
13093,7.8
13176,4.1
13110,7.1
13138,4.8
13164,6.9
16215,7.4
16383,7.2
15980,7.8
16326,4.8
16141,6.3
16411,8.2
16058,7.3
6103,7.6
5319,8.3
6117,7.2
5537,7.6
5825,10.0
5789,7.1
5802,6.3
4946,6.3
5035,6.8
4781,4.6
5136,7.7
5276,6.4
5166,7.3
4920,9.3
18354,7.0
18636,5.7
19009,8.6
19244,7.1
17876,8.1
18425,8.9
18065,8.5
5263,8.4
5925,7.0
6408,8.5
6420,7.1
7338,7.8
8245,7.4
6115,8.5
13672,4.6
13858,7.9
13724,5.6
13405,5.5
13800,7.8
13456,7.6
13582,6.4
6122,8.3
6222,7.0
5974,9.3
6227,9.3
6136,6.6
6235,6.2
5959,7.3
19339,7.3
19651,6.8
19365,7.8
19110,8.7
19685,9.7
19719,7.9
19600,4.3
14574,7.6
14558,8.1
14473,8.8
14696,8.2
14634,9.6
14675,8.5
14743,9.2
3308,7.5
3194,6.3
3268,6.3
3281,7.6
3292,8.0
3208,9.3
3253,8.1
18070,9.0
18529,5.6
18608,6.7
18513,7.9
18817,7.2
19014,6.3
18423,9.2
25384,9.3
25379,6.9
25394,4.9
25459,7.2
25472,7.4
25420,8.8
25374,8.2
9045,6.8
9080,6.2
9099,9.2
9069,6.9
9057,9.5
8997,7.9
9009,6.7
12309,8.5
12608,6.3
12913,7.3
12513,3.1
13000,4.9
12945,8.4
12489,8.3
6905,7.2
5738,8.3
6934,7.1
7152,8.1
6831,7.7
6506,7.9
7110,9.5
22245,6.7
22651,6.8
22014,9.6
21942,8.6
21895,8.5
22662,7.1
22233,6.8
11751,7.7
11876,9.4
11772,5.9
11823,7.6
11781,7.2
11763,10.0
11888,10.0
18377,6.3
18272,6.6
18248,8.1
18345,7.3
18305,8.9
18359,6.3
18107,7.0
21737,7.8
22554,7.1
22086,8.3
22502,6.5
22887,10.0
21668,8.3
22777,7.5
12831,7.8
12857,2.5
12908,7.8
12818,7.1
12953,8.4
12920,8.0
12941,7.8
25599,6.6
25575,9.8
26151,6.6
25565,6.0
25476,8.8
24709,8.5
24908,7.1
8231,7.3
7082,8.8
5513,7.2
5801,9.8
7798,6.6
5951,7.4
5966,6.7
19655,7.4
19973,6.9
19536,8.8
20199,8.1
19919,5.2
20217,7.5
19604,8.7
11686,10.0
11608,8.6
11713,7.9
11676,9.2
11595,7.6
11644,7.6
11666,7.6
5940,8.8
5228,8.1
5099,7.7
5190,7.5
6184,5.7
5968,8.0
5634,9.6
24903,7.3
24929,6.9
25018,4.4
24875,7.2
24787,8.1
24739,7.5
24832,7.8
267,8.1
757,7.7
356,9.7
548,7.6
745,6.1
558,5.5
399,6.8
5442,7.5
6763,6.3
6404,8.9
5417,7.1
5736,8.9
5541,7.1
6854,10.0
2492,7.9
3138,8.1
2855,7.2
3156,6.3
1581,7.3
2962,5.4
2503,8.4
8637,9.3
9374,6.2
8294,7.3
9204,7.9
9232,9.3
8232,6.3
8852,7.6
21594,7.8
22730,6.3
22542,6.9
22253,6.3
22807,7.4
21879,7.6
21695,7.0
25460,7.3
24325,8.3
24092,6.6
25267,10.0
24177,7.8
24307,7.1
24975,7.7
22922,8.7
22878,10.0
23167,6.3
23128,7.2
22890,7.3
22782,7.0
22812,6.0
14506,8.3
14540,6.2
14647,8.3
14734,8.9
14705,8.5
14695,7.0
14588,6.3
21264,9.7
21116,8.1
21254,7.8
21076,7.1
21302,6.3
21234,8.2
21129,8.3
9036,8.5
9102,6.3
9408,6.5
7857,7.6
8196,7.0
8394,7.2
9083,7.4
15792,6.5
15655,7.6
15508,8.4
15532,8.1
14285,7.9
14803,7.1
15732,6.7
24209,7.6
25352,7.9
25016,5.4
25588,4.9
24596,7.5
24521,7.8
24708,10.0
11393,7.5
11403,7.8
11477,6.4
11319,9.3
11448,6.0
11335,5.3
11373,4.3
16539,7.5
16677,10.0
16412,8.8
16295,8.0
16529,7.8
16209,8.8
16096,8.1
12107,8.1
12235,7.0
12146,8.1
12223,8.2
12185,8.4
12120,7.5
12211,7.9
4861,9.3
5142,7.9
6426,5.3
6053,8.0
6481,7.4
5920,7.7
5208,8.4
15433,9.7
15449,8.6
15297,8.9
15368,8.5
15261,9.0
15333,7.8
15465,3.5
25543,7.8
25426,8.5
25381,5.5
25478,7.1
25517,6.6
25376,8.5
25452,7.8
8977,7.7
9329,7.4
8953,3.8
9257,7.2
9382,10.0
9632,9.8
8940,8.0
17122,7.1
17733,6.3
17570,9.2
17348,8.1
17525,6.6
17139,8.4
17105,7.1
3992,6.8
3958,7.0
3908,6.6
3861,9.0
3877,6.4
3950,6.4
3972,5.3
23800,7.5
23688,8.5
24320,7.0
24269,4.4
23877,6.9
23664,9.4
23700,4.6
21399,7.8
21447,7.5
21461,7.0
21368,7.2
21383,7.7
21416,8.2
21433,4.0
21931,5.1
22938,7.1
22891,7.7
22738,6.2
22513,6.8
22166,6.4
22125,10.0
10610,7.4
10570,7.2
10732,7.8
10539,7.5
10688,7.5
10675,8.6
10523,9.0
328,7.4
427,7.2
576,8.7
672,8.1
681,8.9
609,7.0
244,6.2
10026,7.3
9735,9.0
9744,7.4
9698,7.1
9949,5.8
9872,7.5
10005,5.5
26029,6.3
26077,6.5
25242,7.6
25047,8.4
25845,9.1
25388,8.5
26303,7.7
366,8.3
387,7.4
443,6.6
303,8.6
310,9.2
346,9.4
296,6.3
25291,9.1
24647,8.7
25021,7.2
24415,8.5
25614,7.0
25666,10.0
25424,7.6
6814,8.0
6879,8.6
6689,8.6
6788,5.1
6673,8.5
6827,8.4
6902,8.1
18749,7.1
19077,8.5
17780,7.0
18270,8.4
18692,8.5
18604,7.1
18325,9.3
6318,7.4
6011,7.2
5817,8.4
6041,6.3
7138,6.9
6739,7.7
6127,8.4
6183,7.9
6536,8.1
6483,8.5
5602,3.3
6088,8.3
6074,6.3
6802,9.0
10848,5.9
10978,7.0
10996,7.8
10920,5.1
10880,8.8
11013,9.4
10960,9.4
11865,5.4
11833,7.3
11789,8.1
11813,9.1
11803,7.6
11899,10.0
11853,7.3
17412,7.3
17569,8.0
17629,7.1
17509,7.0
17727,6.5
17709,7.4
17699,6.8
19610,10.0
18587,7.8
20343,6.1
20192,10.0
18857,7.4
18659,7.4
19776,4.5
16322,7.6
16290,9.7
16554,7.9
16379,8.8
16570,9.0
16568,5.4
16544,8.5
530,6.2
122,6.4
335,10.0
514,8.3
57,8.0
522,8.8
416,7.3
8762,6.6
7695,7.0
9302,8.3
8367,8.4
8015,9.7
8037,6.2
9213,7.7
6340,7.4
6377,6.8
6389,8.8
6327,7.5
6401,7.7
6353,5.1
6365,6.0
9930,9.9
9891,8.2
9917,6.0
9955,8.5
9989,9.6
9852,7.8
9805,6.0
21723,7.6
22287,6.3
22315,5.1
22368,7.6
22863,7.3
22156,8.4
22665,10.0
6120,9.5
5882,9.0
6063,8.8
5910,7.8
5895,8.5
5971,8.4
5919,8.7
11647,4.4
11715,7.1
11623,8.3
11571,8.5
11679,8.0
11558,6.3
11584,9.3
13662,8.5
13383,5.2
13434,6.2
13367,8.3
13451,5.6
13417,7.5
13722,9.3
18170,9.2
18374,8.2
18269,7.0
18342,8.9
18245,6.6
18349,6.6
18257,5.6
6805,7.9
7246,7.6
7238,8.2
7080,8.0
7035,8.9
5622,8.3
6484,10.0
2989,7.1
2970,7.3
2918,9.4
2946,7.4
2977,6.3
2959,7.9
2876,7.1
14240,8.4
14340,7.6
14167,7.5
14102,7.5
14253,6.7
14290,8.4
14085,8.8
7473,8.4
6808,8.5
7153,7.6
7139,7.4
7181,7.9
6782,7.4
7319,8.2
26366,6.3
26158,10.0
25706,7.3
26349,2.8
25655,10.0
26045,6.5
25820,7.7
12066,7.7
12077,6.3
12276,10.0
12192,7.4
12127,5.9
12101,6.3
12260,8.0
3246,7.0
3231,6.4
3276,7.4
3261,7.6
3288,10.0
3297,9.1
3217,9.0
465,5.7
935,6.3
873,6.1
852,6.3
475,5.5
726,5.8
503,7.3
5604,8.1
6553,8.6
6724,5.8
6753,6.5
5723,7.8
6440,9.4
6405,7.9
23727,7.1
23772,5.7
23757,5.9
23802,9.1
23659,8.7
23868,4.3
23681,7.8
3522,7.0
3604,8.3
3673,7.3
3439,6.9
3582,7.7
3801,7.3
3699,8.1
12923,6.6
12860,8.1
12747,7.0
12834,8.2
12899,8.1
12698,7.7
12944,7.9
12041,7.2
12358,5.4
12322,6.0
12244,4.4
12300,8.6
12232,6.3
12048,9.3
24981,7.5
24550,6.8
24906,6.9
24667,7.1
24892,7.8
24878,6.3
24631,8.0
21202,9.5
21191,7.6
21091,7.5
21180,10.0
21245,7.1
21130,7.7
21169,8.7
2115,8.3
2421,7.0
2037,8.5
3226,7.7
2764,9.5
2129,10.0
3560,8.1
16208,6.6
15841,9.3
15786,7.9
16174,6.8
16192,5.5
16033,7.1
15851,7.7
25103,4.6
25150,4.9
25133,7.8
25118,6.9
25078,6.3
25071,5.0
25057,8.0
23967,8.6
23803,6.3
23817,7.1
23682,7.1
24246,6.3
23981,6.3
24274,7.9
4195,8.1
3772,6.7
3559,7.1
3640,6.6
4735,8.2
4592,7.4
3206,7.9
18414,6.7
18393,6.3
18044,7.1
18168,8.1
18718,9.2
18056,7.2
18301,9.7
8920,8.7
9124,8.1
8766,7.3
9512,6.9
9525,6.8
9572,7.9
8758,5.5
25784,8.8
24671,7.6
25528,5.4
24993,9.6
25891,8.5
24823,8.1
25878,10.0
22030,7.5
21761,3.7
21897,7.3
21624,7.7
22614,8.0
22238,7.7
22386,5.5
13987,8.6
14026,8.7
14012,6.1
14003,8.7
14008,8.5
13995,6.3
14019,8.0
736,6.3
571,6.6
495,7.9
369,9.3
379,6.7
429,7.9
925,8.2
14444,7.1
14508,7.3
14662,8.1
14726,7.6
14490,7.7
14590,7.9
14735,8.4
23572,7.8
23324,8.9
23298,7.2
23547,7.0
23293,7.2
23316,8.3
23440,10.0
5310,7.3
5181,6.5
5292,7.2
5200,6.4
5238,9.2
5345,6.2
5328,8.5
22133,5.4
22160,6.6
22300,5.4
21991,9.9
22261,7.9
22349,6.4
22252,6.9
25214,9.1
24433,8.5
25034,6.1
24947,7.8
26207,8.9
25651,8.8
26019,8.2
5232,8.3
5358,7.5
5113,5.0
5404,8.0
5374,8.0
5341,9.0
5389,7.9
21375,7.6
20941,9.2
20511,3.5
20393,7.2
20004,6.3
19692,7.9
20118,7.3
19549,6.3
19767,9.5
19117,9.3
19313,6.4
19231,7.0
19171,6.6
19149,7.5
19573,7.1
19909,8.9
20446,8.5
20259,7.8
20284,9.7
21038,9.1
20226,9.2
7946,6.9
7866,9.3
7784,6.9
7930,6.3
7850,8.2
7834,8.2
7994,9.6
6470,9.5
5855,8.3
6188,6.8
5830,9.6
6177,8.1
4756,8.4
5782,8.1
26162,8.3
26239,8.9
26218,8.0
26204,6.7
26258,8.8
26176,8.0
26190,7.5
17694,7.9
17592,7.0
17547,5.5
17517,5.4
17452,6.3
17652,4.6
17607,6.3
359,8.1
370,8.3
422,7.5
393,6.7
457,7.7
439,8.0
447,8.2
13075,6.3
13256,5.4
13893,7.7
13737,6.8
13915,5.0
13553,8.5
13484,5.4
11040,8.6
10954,8.7
11024,8.4
10934,7.8
10973,9.1
10991,6.5
10914,10.0
18803,7.8
20308,7.4
19408,9.4
19986,8.2
19046,6.1
20573,10.0
20156,9.4
22914,7.5
22827,9.0
22867,8.7
22945,9.9
22644,6.3
22013,7.2
22551,7.1
7489,8.5
6847,8.4
7194,7.8
6712,8.4
7066,7.9
7206,5.9
6646,7.0
24766,10.0
25965,9.3
26276,9.1
25463,5.4
24852,7.5
24972,6.3
24866,6.3
6878,8.6
6839,6.9
6813,7.0
6688,7.3
6890,7.8
6865,10.0
6655,7.7
8904,7.5
9095,6.3
8877,9.4
9052,7.6
8891,7.7
9028,7.6
8980,7.8
20154,7.1
21360,7.5
20609,5.5
20687,6.3
20208,8.7
20024,8.4
21252,7.0
2547,7.2
2237,9.2
1897,9.6
2460,8.5
1956,7.5
2083,8.1
1968,7.4
19464,8.8
19721,7.6
19552,3.6
19688,6.3
19475,9.1
19705,7.8
19654,6.9
7454,7.2
7420,7.2
7563,7.1
7628,9.2
7665,5.9
7669,7.7
7518,5.1
7494,8.0
6540,6.1
7155,8.0
6661,9.4
6531,6.4
6522,6.6
6456,9.2
3508,7.1
3169,7.5
2796,7.0
2892,7.8
3698,7.0
2708,7.2
2763,7.9
6321,6.7
7448,8.9
6281,8.4
6998,6.8
7229,6.9
7896,8.1
6087,8.0
16500,7.5
16513,9.1
16448,5.3
16474,9.0
16407,5.0
16534,10.0
16487,8.7
15832,5.5
15870,6.3
16282,9.3
15680,7.2
16173,8.8
16202,10.0
16123,8.1
14225,8.1
14084,7.7
14035,7.3
14321,8.2
14265,5.8
14252,7.3
14277,7.0
11362,5.3
11421,6.8
11459,7.3
11438,8.4
11349,7.9
11413,6.7
11383,7.3
22488,9.1
21564,7.6
21618,6.3
22058,7.3
21794,8.9
22609,6.3
22635,8.7
25279,6.3
25209,8.6
25231,7.9
25164,10.0
25198,9.7
25251,4.0
25089,6.9
9838,8.9
10315,7.8
10273,6.8
10195,5.8
10108,7.9
9825,7.4
10058,9.0
2158,8.9
2075,8.0
2183,9.8
2171,6.7
1984,9.9
1994,9.6
2206,7.4
6767,6.9
7284,7.4
6644,7.4
7411,9.6
7556,7.5
7394,7.6
7611,6.4
19716,6.4
19302,8.4
20276,9.1
20073,8.3
19234,8.6
19354,8.5
19430,8.3
3685,7.6
3782,7.4
2879,7.3
3220,7.1
2866,7.9
3845,8.4
4173,7.5
15175,7.6
15417,7.3
15279,8.0
15191,4.0
15202,8.6
15183,8.9
15496,7.8
16143,8.0
16481,7.3
16702,7.9
16297,8.4
15954,7.9
15943,10.0
16915,7.0
8890,7.2
9084,8.4
8929,7.8
9051,8.3
8916,7.9
8876,7.6
9270,7.9
19772,7.7
19803,6.8
19572,8.1
19505,7.2
19555,8.4
19447,8.4
19691,5.5
23596,7.8
23456,9.0
23413,6.3
23645,8.7
23397,7.3
23428,7.4
23536,8.1
24368,5.8
24395,5.7
24544,7.9
24354,8.2
24559,6.4
24528,6.1
24422,6.7
24933,6.6
23848,9.5
23733,5.5
25229,9.3
24807,7.2
23835,7.9
25130,8.2
6766,6.1
6169,8.5
6381,10.0
6155,9.0
5752,6.3
6709,8.4
5766,9.2
4853,7.7
4960,10.0
6343,9.4
5952,5.2
4770,7.6
5285,8.0
6029,7.3
25938,6.5
25225,7.2
25607,7.0
25931,7.9
25003,6.6
25852,7.8
25282,8.1
18702,6.3
19525,6.7
19559,7.0
19209,6.2
18706,8.1
18786,7.5
19396,8.8
26,7.9
12,6.1
182,9.3
136,7.0
148,5.5
100,6.3
171,7.8
7923,7.7
7810,8.8
7729,8.1
7689,7.7
7971,8.7
7827,8.2
7705,7.4
7638,8.2
7605,7.7
7502,6.7
7386,9.3
7591,7.0
7437,7.0
7548,6.8
21921,6.9
21983,10.0
21954,8.9
22082,8.7
22068,8.7
22054,7.7
21930,9.3
4650,8.1
4638,7.8
3135,7.6
2774,8.4
3006,7.3
2719,8.5
3594,9.3
14727,8.3
14621,5.7
14649,7.0
14591,7.0
14606,8.7
14635,7.3
14687,7.7
23335,8.0
23424,6.3
23533,10.0
23377,9.2
23302,5.5
23393,7.8
23481,7.0
15220,8.9
14853,8.5
15411,6.3
14922,10.0
15539,5.2
15237,8.9
15029,8.0
4682,7.9
4702,8.9
3547,8.1
3490,8.9
3761,8.6
3572,10.0
2752,8.5
7345,7.7
7443,7.4
7375,9.8
7492,7.3
7460,7.8
7392,7.4
7287,8.9
16608,7.0
16268,6.3
16557,5.9
16217,7.5
16097,7.8
16043,9.5
16478,7.8
14144,3.4
14371,4.8
14175,7.9
14599,8.9
14160,8.2
14385,8.5
14439,8.7
2033,10.0
1421,7.8
1489,8.0
2004,7.3
1931,6.4
1841,6.0
1524,5.6
17905,10.0
17842,7.3
17855,7.2
17868,10.0
17893,8.9
17881,8.2
17929,9.5
3432,7.5
3515,7.9
2629,8.2
1637,8.0
2194,8.5
2652,9.0
2603,8.1
19576,8.1
18908,7.0
20508,7.7
19107,5.5
18548,8.7
18940,7.4
18687,7.0
20245,8.1
19319,7.6
19836,7.3
20261,10.0
18611,8.5
19438,8.3
18647,9.7
24757,7.5
24899,8.2
24843,8.8
24813,6.7
24871,7.5
24746,7.3
24798,6.3
16113,8.5
16213,7.6
15896,9.4
15944,8.0
16001,7.0
15694,6.9
16144,8.5
19223,8.3
17551,8.1
18124,8.6
18159,8.7
20165,7.9
20569,7.1
20581,8.1
6884,6.3
6819,7.0
7183,8.4
7585,7.1
6926,7.5
7289,8.2
6845,6.6
19674,8.3
19414,6.7
19286,9.4
19129,7.9
19260,7.5
19170,4.8
19390,5.7
15933,7.2
15909,7.5
15964,4.9
15940,7.3
15904,7.9
15925,7.5
15901,7.0
3205,7.8
3219,6.9
3265,9.1
3250,7.9
3460,5.2
3423,9.5
2949,7.2
5416,7.7
5515,9.4
6145,9.5
5747,7.2
6159,8.2
5265,8.1
5173,7.7
14079,9.1
14478,8.5
14594,9.2
15125,7.8
14335,7.4
16035,8.4
13959,8.7
25224,5.0
25281,8.1
25180,9.9
25202,7.6
25244,9.2
25191,7.4
25299,6.7
2295,7.0
2456,8.6
2393,9.0
2444,4.1
2419,7.8
2371,7.0
2337,7.3
3302,6.7
2993,8.1
3196,7.6
3143,8.0
3398,5.2
2915,7.3
3527,6.0
22301,8.1
21576,7.3
21750,8.3
22835,6.5
22762,6.8
22226,8.5
21611,9.3
22136,10.0
22756,7.4
22470,8.4
23161,7.4
22420,9.9
22402,6.0
22528,6.7
13918,8.3
14601,8.2
14659,8.5
13479,6.3
13703,9.3
14586,9.3
13946,8.6
2996,7.2
3074,7.5
3235,7.7
3397,7.1
2991,7.8
3279,6.7
2893,7.5
7191,8.4
7032,8.4
7150,8.2
6964,7.2
7236,9.1
7178,5.4
7047,7.0
15566,8.4
15558,4.8
15470,8.6
15320,7.1
15266,7.3
15513,7.8
15390,3.9
12515,7.3
12383,9.1
12861,7.3
12351,7.9
12372,7.5
12579,9.4
12887,6.8
18352,4.6
18316,8.9
18366,5.7
18140,7.7
18294,6.9
18372,7.0
18327,6.5
3114,9.1
3475,9.2
4071,10.0
2935,6.7
4502,5.5
3405,8.4
4729,8.9
2484,6.3
3629,7.3
2999,7.9
3233,5.9
4420,8.5
3161,9.8
3910,8.0
12441,5.5
12863,8.6
12676,3.8
12641,6.5
12528,6.4
12061,7.8
12343,10.0
25365,5.9
25491,7.9
25371,9.1
25439,8.2
25504,8.5
25326,6.3
25391,9.2
18367,6.5
19613,8.2
20491,3.1
19579,8.5
18597,8.5
18945,9.1
20183,8.2
9596,8.3
9674,8.3
9777,7.9
10079,7.3
10075,7.8
9637,8.5
9707,7.5
14561,8.0
14511,8.2
14475,7.3
14545,8.1
14529,9.4
14493,8.7
14458,7.5
13480,8.6
13429,9.3
13318,5.3
13332,8.7
13412,9.6
13342,7.8
13446,8.6
545,6.1
216,8.2
397,3.9
442,5.8
407,7.3
538,10.0
230,7.7
18689,7.5
16649,7.8
18299,2.5
19037,6.1
18637,8.8
16844,6.6
18241,8.1
18674,8.5
17717,7.0
19124,9.1
17708,7.4
17658,8.9
19340,6.5
19040,8.2
14840,8.5
15209,8.2
14858,8.2
15065,7.5
15123,6.2
15311,8.2
15364,9.4
13199,8.5
13527,6.3
13300,6.1
13655,8.6
13356,8.3
13752,5.3
13636,8.5
22112,6.3
21971,8.9
23194,4.2
22632,9.2
22302,8.4
22316,7.8
21985,7.2
12422,6.6
12963,6.3
12157,7.4
12196,6.3
12810,9.5
12501,8.9
12183,8.0
2800,7.0
2914,9.0
3002,5.8
2745,8.3
2662,7.8
2692,5.7
2632,8.0
9793,5.4
9564,6.8
9810,9.0
9896,7.6
9635,6.7
9508,8.9
9467,7.7
17462,5.2
17235,7.6
17036,7.8
17020,7.9
17313,8.3
17173,6.6
17645,9.1
12406,6.3
11097,8.4
11887,9.7
12845,5.5
12682,5.5
12010,8.2
11898,7.9
13462,8.1
14538,8.1
14521,7.9
14453,8.8
14174,6.9
13494,6.4
14259,8.5
3710,9.4
4088,7.9
3723,9.0
3826,8.3
4731,9.6
4427,9.6
4227,6.9
12476,5.5
12586,7.6
12463,6.5
12118,8.1
12967,7.8
12735,7.2
12285,3.2
10347,8.3
10357,6.6
10167,7.6
10136,7.6
10595,6.0
10660,7.2
10149,8.5
23691,7.4
24285,8.5
23773,6.3
23844,8.1
23758,8.3
23743,2.5
23857,8.1
9578,8.4
9473,9.2
9659,6.6
9593,8.7
9741,6.3
9479,6.2
9505,7.3
2322,10.0
2059,7.4
2169,7.8
2072,6.9
2204,7.2
2240,9.7
2193,8.5
24216,7.8
24017,8.0
24272,8.2
24169,5.2
24185,7.1
23963,9.1
24082,7.8
1662,7.8
1493,8.4
1616,7.2
3466,9.1
3595,8.4
3171,6.8
3484,8.4
9246,9.3
9360,7.7
9203,6.9
9142,10.0
9333,10.0
9216,8.7
9261,7.7
22919,7.1
24030,6.2
23146,7.2
23228,8.7
24490,6.4
24117,5.5
24685,10.0
20390,4.8
19627,7.6
18503,5.1
19791,8.5
18453,8.6
19058,7.0
19844,7.5
22508,5.3
22394,9.8
22546,7.3
22522,10.0
22463,8.8
22358,9.7
22340,8.5
20636,7.7
20601,9.0
19979,6.6
20527,10.0
20291,8.4
20540,9.1
20813,8.2
19857,8.9
19801,8.2
19457,8.8
19754,7.2
19553,6.9
19465,7.5
19519,8.6
22365,5.5
22469,7.5
22347,9.2
22586,7.5
22539,7.4
22383,7.5
22027,6.8
8605,8.2
8491,8.0
8561,5.7
8703,5.7
8403,8.0
8886,8.7
8146,8.1
4235,8.1
4272,7.0
2741,7.6
2948,7.7
4710,8.6
3661,8.2
4205,4.5
18681,8.0
18164,8.9
16664,6.0
17651,5.8
18649,7.0
18977,8.3
18613,8.6
14491,7.1
14752,6.3
14697,6.7
14707,10.0
14744,8.3
14755,5.9
14543,5.5
19384,7.2
19345,7.2
19441,7.0
18892,8.3
18695,6.6
19854,5.9
20026,8.7
23606,7.4
23561,7.3
23616,3.9
23483,9.5
23625,7.2
23535,8.4
23522,7.4
5431,6.5
4782,8.1
5491,7.1
5503,7.6
5036,8.0
6130,8.1
6220,10.0
15630,7.5
16005,4.2
15573,8.0
15451,9.7
14917,7.9
15577,7.2
15689,7.8
11200,8.3
11165,4.9
11250,8.0
11210,7.3
11163,7.3
11175,4.1
11235,5.5
22359,7.8
22535,8.3
22733,7.4
22480,7.9
22600,6.9
22838,3.3
22566,8.1
3128,6.8
2241,9.1
2546,9.3
3584,9.0
3104,9.0
2565,8.6
1845,8.1
14113,6.9
13749,7.7
14993,7.4
14638,6.3
15398,6.3
14747,7.5
15926,6.8
14673,8.1
13363,7.5
14295,6.8
14306,8.2
14159,8.1
14616,8.3
14031,8.9
24537,7.0
25258,6.5
24858,6.5
24039,7.4
24691,5.8
24799,7.0
24844,7.8
15820,7.4
16077,10.0
16154,7.9
15709,8.3
16203,6.5
15969,8.6
15750,6.3
12850,6.7
12373,6.4
12562,8.8
12243,8.4
12540,7.5
12142,9.3
12168,9.4
20762,7.8
20997,6.3
20779,8.6
20855,6.6
20883,7.2
20976,7.4
20796,3.3
8337,8.0
6171,8.7
6639,8.4
5317,7.2
6838,8.0
5650,8.4
6013,9.1
4985,8.5
5240,7.2
5202,8.0
5183,8.4
4972,8.3
5023,6.6
5471,8.3
21023,9.2
21006,8.2
21101,7.7
21222,6.9
21178,8.1
21008,7.2
21189,9.0
19635,8.0
19914,8.6
20123,7.3
20177,7.6
19768,9.4
19584,8.6
20105,4.8
26202,7.4
26056,8.9
26028,7.6
26216,6.3
26174,8.2
26000,7.3
26314,7.8
25885,9.4
25742,6.4
26172,6.6
25754,7.3
25685,7.6
25792,7.8
26068,7.5
11501,9.0
11699,8.6
11418,5.6
11690,8.4
11539,8.0
11911,6.9
11169,6.1
25105,6.4
25765,8.5
25884,7.3
25819,7.3
25506,7.1
25719,9.2
26001,7.1
5251,7.0
5082,7.3
5147,8.8
5194,7.1
5305,7.0
5287,7.8
5323,9.1
23960,7.0
24085,10.0
24139,9.1
24156,6.6
24204,7.8
23649,6.6
24260,8.5
5505,8.2
6604,4.8
5116,7.9
6254,7.3
5299,8.5
8424,7.4
8293,8.9
20255,7.0
20797,7.7
20709,7.9
20186,8.6
20239,7.8
20204,7.5
20744,7.8
7389,9.1
6918,7.1
7051,7.9
6996,9.0
6953,6.0
7167,8.0
7310,6.4
7859,8.5
7793,8.4
7891,8.2
7743,8.1
8017,8.7
7697,8.0
7776,4.5
4825,9.8
5778,10.0
5249,7.3
5321,7.3
6380,9.6
6880,7.2
4752,8.1
22988,7.6
22692,6.3
22847,8.4
22909,8.7
22819,6.9
22387,6.4
22503,4.0
3411,7.5
3224,6.3
3023,7.7
3085,6.3
3098,8.7
3293,7.3
3133,6.8
1778,8.1
1920,8.6
1505,5.7
3078,7.5
1469,7.1
2894,7.6
1868,5.9
12555,8.1
12031,5.3
11790,7.1
11782,8.6
11967,7.0
12154,8.1
11945,7.0
12292,6.4
12143,8.0
12080,7.1
12069,8.5
12534,7.0
12055,10.0
12035,9.0
17217,7.9
17451,7.0
17169,8.7
17186,7.6
18810,7.7
17891,7.0
18407,5.9
479,6.7
354,8.0
223,7.3
425,8.4
71,6.3
33,7.5
169,7.9
13153,9.3
13282,10.0
13111,6.5
13139,8.1
13267,7.8
13060,7.8
13275,6.7
24954,7.0
24738,8.8
24902,10.0
24860,5.3
25007,6.5
24997,5.9
24801,7.8
12308,8.0
12419,7.6
12062,8.1
12195,9.1
12169,10.0
12460,8.4
12208,8.4
2482,7.2
2540,8.4
2056,8.3
2533,8.3
2125,7.8
2245,8.7
1907,8.6
5012,8.1
6913,10.0
5983,10.0
5511,10.0
5339,7.9
5764,7.0
6102,7.5
12368,7.9
12498,9.7
12522,8.0
12486,5.3
12104,7.7
12433,6.3
12349,6.2
5084,7.6
5100,6.6
5090,6.9
5229,5.5
5174,6.3
5144,7.8
5248,9.3
932,4.0
890,8.0
942,8.8
922,6.5
880,7.0
912,7.4
901,7.3
23036,7.2
23087,6.6
21957,8.5
22154,8.7
22239,8.0
22056,8.5
22613,7.2
5485,7.2
6172,9.1
6428,8.1
6736,5.3
5101,7.3
6516,8.5
5689,7.1
22523,7.7
22495,6.0
22574,7.2
22824,8.0
22430,6.3
22509,8.4
22604,7.0
20396,8.5
19959,7.1
20132,2.9
20058,8.2
20356,8.8
20992,7.9
20423,8.2
23281,7.5
23251,8.4
22767,7.3
23257,6.1
23201,6.7
22717,7.7
22937,8.3
5982,6.3
6101,7.6
6596,6.9
8125,6.8
8105,6.3
6718,6.7
6043,7.4
15445,7.0
15051,8.1
14961,6.2
15139,8.1
15429,9.1
15089,5.4
14875,6.3
24278,9.3
24337,7.9
24250,8.4
24144,8.1
24091,9.2
24073,7.9
24306,6.6
13471,7.5
13370,7.0
13386,8.0
13437,7.4
13486,7.1
13454,6.4
13403,8.1
23571,7.5
23532,4.4
23176,8.9
23375,7.4
23306,4.4
23313,5.7
23321,8.0
17938,9.0
17980,8.1
17757,10.0
17989,8.4
17813,7.1
17749,5.1
17764,7.3
8338,8.0
9262,5.5
9079,8.8
8496,6.6
7975,7.0
7847,8.1
9348,6.5
5753,7.5
5676,7.7
5641,7.8
5739,7.2
5839,10.0
5847,7.6
5623,7.7
14158,8.7
14283,7.4
14075,8.1
14009,5.3
14142,8.6
14188,9.2
14245,8.7
12436,8.5
13047,5.4
12622,7.9
12611,7.6
12105,10.0
12925,7.1
12408,7.1
13758,7.0
13743,7.2
13679,7.6
13661,6.3
13789,6.5
13415,8.8
13602,6.1
8682,7.6
8668,8.8
8612,7.9
8535,7.8
8626,8.0
8552,7.4
8654,8.5
21679,6.9
21632,7.9
21583,7.8
21637,8.1
21646,7.5
21616,7.2
21561,7.7
17118,6.5
18537,7.1
17950,8.1
17561,10.0
16829,7.3
16607,8.2
17681,5.5
22227,7.3
22727,7.5
22873,7.3
22625,5.4
21905,6.7
21924,6.9
23102,6.9
8258,7.1
5998,7.6
6360,7.6
6347,9.4
6961,7.0
7480,7.5
5107,9.1
12704,4.4
12103,6.2
12876,7.5
12181,5.9
12736,3.6
12040,6.6
12926,10.0
1647,5.5
1673,7.4
1614,8.0
1706,8.7
1753,7.8
1635,6.6
1686,8.6
573,8.3
619,9.8
594,8.3
608,8.2
630,8.3
584,9.6
564,7.4
18360,8.8
17993,7.5
19596,2.5
18707,6.6
18434,10.0
18261,6.3
17641,8.7
17682,4.7
17435,10.0
17385,7.4
17375,8.3
17395,6.3
17486,10.0
17532,6.6
10666,7.8
10762,8.8
10704,6.9
10771,7.6
10574,8.1
10653,8.6
10692,8.5
5889,9.4
5440,7.9
7720,6.6
7067,8.1
7734,7.2
5905,8.5
8304,6.5
22682,7.9
23263,10.0
23018,9.3
22913,8.2
23113,7.9
22956,7.5
23244,6.3
26214,7.5
26186,6.6
26106,8.2
26080,10.0
25997,8.1
26332,5.9
26054,9.1
9639,7.6
9537,6.8
9584,8.8
9510,6.8
9626,8.6
9612,6.3
9598,8.5
24229,9.3
24312,5.9
24215,6.9
23920,8.8
22729,4.5
24695,6.3
21918,8.1
6056,7.9
6779,7.8
6230,6.6
5996,8.9
5980,6.9
5964,4.0
7166,9.0
11080,8.5
10943,8.2
10776,9.3
10903,8.2
10790,8.7
10981,8.6
11064,6.3
9835,5.1
9913,7.5
9926,6.3
9900,7.6
9996,4.8
10018,8.7
10055,9.2
9789,10.0
9865,8.4
9815,5.9
9967,8.8
9943,7.8
9978,6.3
9795,6.3
23045,8.7
23062,8.4
23125,7.4
23140,8.8
23079,8.9
23095,8.7
23110,7.7
14039,7.4
14005,8.5
14109,9.2
14000,8.0
14051,8.5
14173,7.7
14217,9.3
7713,7.6
9344,9.0
8303,6.6
9093,8.4
8835,7.5
8347,6.9
7703,6.4
13590,9.7
13539,5.3
13449,5.3
13645,3.7
13466,8.3
13728,6.8
13805,8.1
14434,9.1
13991,8.1
14177,10.0
14828,7.7
15258,8.1
15717,9.9
15934,7.6
13744,7.0
13759,8.7
13774,7.9
13849,7.6
13806,6.9
13835,6.0
13790,8.5
15502,5.9
15472,8.2
15158,9.0
15108,8.1
15268,7.1
15322,9.2
15060,9.0
13113,7.7
13155,2.9
13079,6.3
13215,7.2
13203,8.1
13096,9.3
13179,6.2
22015,7.3
21934,7.8
22057,6.4
22000,7.9
21972,8.8
22085,6.9
21986,7.5
20552,7.9
20409,7.8
20565,8.3
20435,7.7
20474,8.5
20539,7.7
20422,8.5
10212,6.0
10353,5.8
10372,7.8
10397,6.3
10381,7.2
9814,5.0
10363,7.6
5111,8.8
6674,5.3
5939,6.3
6527,9.6
5230,7.4
6392,5.1
5267,8.3
65,7.3
176,7.7
153,4.9
187,8.2
205,7.2
228,7.9
129,6.8
9478,8.9
9495,7.9
9516,9.8
9545,5.7
9472,5.1
9530,8.5
9504,6.9
19591,4.8
19195,7.4
19133,8.8
19347,7.8
19642,8.9
19574,6.8
19540,5.4
14519,7.6
14536,8.6
14392,8.1
14032,7.9
14190,7.9
13985,7.9
14416,7.2
11579,9.1
11545,7.5
11914,8.2
11792,6.5
11977,4.4
11936,8.6
11567,9.1
23950,5.9
23900,9.3
23944,9.4
23694,7.2
23808,8.2
23924,8.1
23861,7.9
3164,7.8
2577,5.7
1820,9.1
2524,7.4
3065,8.6
3341,7.7
2143,5.8
22789,5.4
22691,8.8
23004,8.6
23076,7.8
22908,8.6
23015,7.6
22726,7.5
23891,7.3
23836,6.8
23938,7.2
23794,6.8
23719,7.2
23779,5.5
23822,8.9
2017,4.6
2010,7.2
2049,8.9
2024,7.4
2225,7.4
2039,6.8
2103,6.5
11330,6.9
11369,7.5
11587,9.5
11649,8.6
11995,7.5
11389,7.6
11297,5.7
12591,8.2
12469,9.5
12582,8.3
12375,7.9
12415,6.3
12456,8.5
12401,7.8
4063,8.1
3940,6.3
4005,6.6
3949,8.1
4018,7.0
3957,8.8
4078,6.1
19669,8.3
20048,7.8
19859,8.4
19601,8.4
19652,7.1
20086,4.2
19862,8.6
14554,7.1
13908,8.2
13322,6.7
13523,8.6
14064,5.5
14441,7.5
13317,7.7
1069,7.2
1039,7.9
1021,6.8
1030,7.6
1002,7.8
1094,6.7
1058,8.5
21514,8.2
21396,6.9
21428,7.8
21381,10.0
21347,7.5
21523,6.4
21541,8.4
21157,7.5
17647,8.5
22498,6.3
22770,7.8
21507,7.9
17829,6.3
17963,8.6
678,8.5
686,7.8
777,9.3
742,8.0
823,8.1
658,8.1
694,7.8
18381,4.8
18152,7.7
18280,8.3
18363,7.6
18135,10.0
18369,6.3
18313,7.4
15749,7.2
16558,8.8
16280,7.7
16026,7.7
16071,8.7
15723,8.1
16647,5.9
12091,9.3
12130,6.0
12510,5.7
12026,7.9
12182,7.2
12405,5.9
12379,7.6
5699,6.3
5614,8.2
7154,8.9
7010,6.8
6589,7.4
7414,3.3
5774,7.5
4949,6.8
4057,7.6
6358,6.3
6394,5.7
5296,10.0
6430,7.0
6452,6.8
10988,7.1
11022,8.1
11038,7.5
10951,8.6
10931,7.8
10970,6.6
10891,9.2
25092,9.9
26048,10.0
25367,9.8
25338,8.2
25639,9.0
26352,5.5
25080,6.3
18550,5.5
17969,7.5
19229,8.1
17997,6.3
18226,7.4
18576,8.3
19076,6.9
24506,8.2
24648,8.1
24470,7.4
24434,7.7
24523,4.4
24389,8.3
24416,5.2
7317,8.1
7219,8.1
6498,6.3
7195,7.8
5171,6.3
8200,4.1
5492,5.4
16543,7.0
16794,7.0
16320,8.4
16499,7.4
16434,8.6
16406,9.7
16364,6.3
13871,8.7
13954,8.2
13895,8.3
13754,7.7
13543,6.5
13907,6.4
13594,5.8
23650,8.2
23654,7.4
23888,7.3
23714,6.3
23816,6.3
23702,8.4
23690,6.6
15112,6.7
15239,6.5
15077,6.7
14912,6.3
14824,8.2
15133,8.8
14991,8.1
19183,7.9
19299,7.8
19364,9.5
19159,6.2
19377,7.9
19450,6.8
19708,10.0
13600,8.6
14218,7.6
13588,7.4
13955,7.4
14381,8.1
13872,8.1
14010,10.0
19689,8.9
19488,5.8
19621,7.4
20145,7.8
20052,8.7
19883,7.8
19867,9.0
3049,8.1
4245,5.9
3266,9.3
3465,8.2
3583,8.8
4056,6.4
4215,9.0
18160,8.8
18142,7.4
18194,7.2
18178,7.7
18250,8.1
18109,7.9
18224,8.1
25036,7.3
24900,8.7
25678,8.0
24814,7.6
24996,8.0
25311,10.0
25173,7.9
14408,8.1
14614,6.9
14671,7.1
14427,9.3
14007,7.9
14018,7.7
14483,9.1
16463,7.0
16353,8.4
16367,7.9
16409,8.1
16308,6.8
16292,8.3
16450,9.6
17471,7.7
17564,7.7
17454,9.3
17504,7.7
17360,7.9
17408,7.6
17594,7.6
7003,7.9
6970,9.8
7251,8.4
7121,7.0
7031,7.3
6991,9.0
7202,8.7
17560,7.7
17966,7.9
17373,10.0
17605,6.3
17945,6.6
17433,6.7
17806,6.7
7095,7.2
7217,8.2
5949,6.6
5793,7.3
6218,10.0
7007,8.2
5866,7.8
18808,8.6
18038,8.7
19747,7.6
19779,7.0
20093,8.4
20252,6.3
18466,5.9
7571,6.5
6410,7.8
7445,8.1
7335,6.4
6350,7.9
7068,5.6
6362,4.5
21452,8.5
21099,7.6
21242,5.2
19459,9.2
20889,5.9
20367,7.5
20524,8.7
9466,7.5
9518,8.3
9532,4.1
9506,7.7
9480,8.4
9488,8.7
9474,7.9
13428,7.3
13308,9.6
13817,7.6
14284,9.1
14093,6.3
13937,8.3
13562,8.6
20952,3.9
20847,8.8
20588,8.4
20380,6.0
21536,7.7
20550,10.0
19984,8.3
6271,7.8
7380,9.1
6294,8.1
7992,6.2
5746,7.0
7037,3.6
6476,6.3
16365,7.3
16351,8.2
16421,9.1
16461,4.4
16562,2.5
16393,6.5
16524,9.1
8844,9.3
8376,5.4
9370,6.8
9288,7.6
8871,6.9
7727,7.3
9383,10.0
12776,7.7
12744,7.4
12969,7.6
12728,7.6
12896,5.1
12790,10.0
12932,7.6
19954,7.5
20181,8.0
19935,5.8
19722,7.9
20090,6.3
19786,8.1
20033,10.0
9870,7.6
9909,7.7
9831,6.8
9774,8.4
9490,6.8
9947,8.3
9672,4.6
10528,7.7
10724,9.3
10601,4.2
10748,7.8
10614,7.2
10627,4.1
10773,8.1
3715,5.5
4168,4.8
3569,8.5
3973,6.9
2535,8.1
2527,6.1
2386,8.9
22559,8.2
22596,8.0
22431,8.1
22575,8.1
22481,7.7
22536,3.4
22524,8.6
23030,6.4
23047,6.0
23269,5.8
22954,8.9
22699,7.7
23274,6.9
23234,8.3
15734,8.9
15093,7.8
15512,8.5
15959,6.1
15794,7.2
15104,9.3
14899,8.4
519,6.1
402,6.3
955,7.2
828,7.6
807,8.3
883,9.0
945,7.7
16919,10.0
16909,7.7
16897,7.6
16646,8.1
16632,8.0
16884,8.3
16938,7.8
16255,6.4
16177,6.1
16334,7.8
16006,9.3
16187,6.3
16419,8.3
16233,4.9
924,8.5
782,6.7
1057,8.1
1068,6.5
835,5.3
1114,7.8
770,8.6
25669,7.7
26175,7.6
25165,8.4
26083,7.7
26288,7.3
25480,10.0
25441,7.9
18439,7.1
18471,7.4
18932,6.4
19376,8.7
18020,7.6
18680,6.8
17676,7.9
14128,7.6
14466,7.9
14451,7.8
14065,9.1
14094,8.0
14260,8.6
14629,6.3
2687,7.2
2668,6.0
2967,5.7
2778,9.7
2997,5.9
2980,3.6
2956,7.2
24635,9.3
26137,6.8
25437,6.3
25203,7.9
24569,8.3
25554,7.7
24538,6.7
21617,7.3
21680,6.8
21562,8.8
21628,5.7
21656,5.9
21647,5.3
21638,5.9
23349,5.5
23454,6.5
23410,8.6
23425,7.7
23336,6.4
23303,6.6
23394,6.9
14226,7.5
14136,8.2
14212,7.4
14152,7.4
14312,7.5
14278,8.5
14301,7.0
21341,8.6
19556,8.4
21176,7.9
19945,8.5
20618,8.3
19741,8.4
21086,10.0
21125,8.8
20563,6.3
20972,7.2
20981,5.9
21209,7.6
20733,6.0
21198,10.0
7220,9.8
6386,9.4
6555,7.3
7083,10.0
6398,7.9
6561,9.3
6962,8.6
9715,8.1
9565,8.1
9794,8.5
9781,8.8
9696,7.5
9649,7.8
9580,9.2
10896,7.1
11131,7.5
11026,7.8
11058,6.9
11125,6.7
11156,7.1
11143,8.6
217,9.6
147,8.7
264,3.6
159,8.7
201,8.2
44,10.0
251,6.3
24847,6.3
24762,10.0
24988,8.1
24978,7.7
24774,7.0
24955,6.7
24967,7.9
9301,8.3
9073,8.5
9590,6.9
9272,9.4
9502,6.7
8798,7.5
9212,7.9
24047,7.4
24063,8.7
24201,5.6
24244,9.0
23985,5.8
23994,9.6
24031,7.8
9782,6.2
10076,7.8
9743,8.4
9716,5.7
9750,5.3
9725,7.9
9686,7.7
18777,7.9
17889,8.3
19324,9.2
19298,6.3
17811,9.3
19389,6.7
17372,10.0
2086,6.6
2232,8.8
2264,7.2
2336,7.7
2142,8.5
2181,8.6
2308,7.6
22896,7.7
23059,6.4
22650,7.1
22983,6.3
22832,9.9
22872,7.5
22674,7.6
13614,7.1
13625,7.3
13798,8.6
13235,7.6
13059,7.6
13934,7.1
13782,6.4
2847,7.9
3724,6.6
3352,8.5
4101,5.1
2730,8.7
4521,8.1
3145,7.7
16564,8.9
16122,8.4
15109,8.3
16547,9.8
15880,9.6
16206,7.6
16477,10.0
17885,7.9
17846,8.6
17897,7.6
17872,6.9
17832,7.5
17805,7.6
17859,7.8
6478,8.1
6678,9.1
7025,7.2
6951,9.2
6606,9.7
6955,6.4
7510,6.5
1102,8.1
1055,8.4
1091,6.6
1121,7.4
1112,7.5
1066,6.9
1079,7.4
20459,5.4
20803,8.4
20433,10.0
19539,6.3
20407,9.8
19675,8.2
20701,6.2
6509,7.4
6702,7.9
6760,7.0
6575,6.0
5938,7.5
5548,4.4
8098,9.4
9648,6.3
9799,7.1
9695,7.3
9464,6.8
9970,7.8
9549,5.9
9844,6.3
16341,6.6
16161,7.8
16195,7.3
16279,5.0
16355,9.5
16465,7.5
16085,6.1
25158,7.3
25170,8.9
24960,7.5
25904,8.7
24487,7.2
25339,6.5
24793,7.8
12950,10.0
12670,6.6
12962,8.1
12847,7.7
12935,5.3
12911,6.6
12763,9.3
24135,6.1
22441,9.4
24184,5.7
22087,8.6
23133,8.4
24168,7.1
24099,7.9
13260,7.8
13227,7.6
13295,8.3
13290,7.0
13141,7.9
13167,7.7
13062,7.4
10594,7.3
10491,8.4
10566,7.0
10519,8.5
10467,5.2
10479,7.7
10580,10.0
22982,6.6
23188,6.4
23506,10.0
22992,7.9
23014,7.1
23041,6.3
23210,5.8
14401,6.9
14372,6.2
14417,7.9
14569,7.4
14672,10.0
14520,9.9
14553,8.1
7243,8.2
7061,7.4
7177,8.8
7214,8.2
7190,3.6
7235,8.8
7135,9.4
4539,8.3
4483,7.2
3874,8.7
4263,9.3
3502,6.8
3791,10.0
4086,7.4
2469,7.8
2538,7.1
2480,5.3
2502,6.3
2615,5.9
2576,6.1
2394,7.5
2526,9.5
1471,8.9
1495,7.2
1367,8.4
2541,6.3
2187,9.4
1291,7.8
24771,7.5
25596,6.3
25331,8.0
25799,8.7
25421,8.0
25228,10.0
24400,7.8
14043,8.1
14311,4.7
14166,8.5
14118,8.0
14055,5.1
14101,5.7
14289,8.2
16352,7.1
16462,7.0
16563,7.6
16545,7.4
16380,9.4
16338,9.3
16436,8.1
15395,8.8
15636,8.2
15044,8.9
15207,9.3
14762,6.5
14821,7.0
15700,7.8
12530,6.6
12364,8.1
12494,6.1
12573,9.3
12482,7.6
12542,6.2
12429,7.8
17285,10.0
17007,7.9
17023,7.0
17161,6.3
17194,7.0
16940,8.1
17255,6.3
5805,8.6
7050,7.4
6559,8.8
5691,8.0
7180,7.6
7228,7.7
7266,8.1
21260,7.3
21270,6.3
21018,8.5
21027,7.7
21240,8.3
21036,8.6
21110,7.9
24894,6.7
25273,6.3
25945,6.8
24701,10.0
24401,8.9
25096,6.8
24754,7.4
12549,7.7
12936,8.5
12559,9.2
12233,8.3
12170,6.3
12620,9.5
12279,7.6
7336,6.8
7348,6.4
7378,8.4
7395,7.3
7290,7.6
7326,8.1
7361,7.6
3400,6.3
3686,7.6
3512,5.8
3463,6.5
3545,7.4
3837,5.5
3905,9.8
6694,6.4
6489,8.7
7011,7.3
6630,7.5
6563,8.1
6806,6.9
6740,9.2
10885,6.2
10983,6.3
11162,8.2
11164,8.3
10905,7.3
11109,7.5
11000,7.0
3450,6.3
3003,7.5
3123,6.1
2944,7.4
3269,8.4
2998,7.3
3371,8.1
24555,8.1
24539,7.5
24488,9.0
24611,7.1
24570,7.4
24452,8.5
24402,7.2
1408,8.3
1464,8.5
1454,4.6
1434,9.2
1419,8.5
1544,7.3
1594,7.9
301,8.4
320,8.4
315,9.7
294,7.5
285,8.5
275,4.4
325,8.0
19550,7.5
19485,9.1
19567,10.0
19473,8.0
19799,8.9
19533,8.8
19736,9.0
2216,7.6
2117,7.1
2089,7.1
2030,7.1
2145,7.1
1973,7.0
2131,6.5
6357,7.7
5871,10.0
6304,9.4
6225,5.8
6201,5.8
5828,7.0
6085,6.3
22624,8.6
22993,9.4
22846,7.8
22774,10.0
22759,4.0
22612,10.0
22743,7.7
24872,9.8
25813,6.7
24939,5.9
24658,10.0
25633,7.7
24583,8.5
25473,7.5
5706,9.3
5639,8.8
5751,7.9
5722,5.3
5737,5.6
5585,7.1
5603,8.0
14765,8.7
14810,9.0
14820,7.0
14777,8.2
14761,10.0
14800,6.3
14790,7.4
18750,8.3
18402,7.6
18675,7.0
18832,7.4
18444,8.9
18510,9.3
18814,6.2
21002,9.1
20114,7.7
20436,7.9
20462,7.4
20302,8.3
20695,7.6
20936,6.9
9407,10.0
9242,7.3
9428,6.3
8872,8.6
8989,6.5
9618,9.2
9604,4.9
14361,6.5
15365,6.9
14897,6.2
15865,5.9
15446,8.2
15210,6.3
15478,3.9
24275,7.9
24052,8.0
24173,7.8
24104,7.1
23961,7.2
23968,9.3
24157,7.9
18099,6.6
18077,7.1
18060,8.7
18048,8.1
18289,8.9
18068,7.6
18148,8.0
15129,8.6
15031,10.0
14956,9.4
15536,7.5
15424,8.9
15487,5.9
15515,8.5
24192,5.3
24264,7.0
24324,7.7
24054,8.5
24315,6.3
24160,7.0
24208,7.9
7557,7.2
5097,9.8
5188,6.4
7764,8.0
6443,7.9
6582,8.6
8217,7.6
6690,7.5
6750,9.4
6841,7.2
5159,4.8
6892,4.8
6450,3.6
4796,7.6
23680,8.4
23771,7.7
23689,8.1
23786,7.3
23756,8.2
23726,6.3
23701,6.2
25648,10.0
25551,6.7
25746,10.0
25538,8.5
24161,9.1
25146,8.1
25294,7.2
24223,8.2
24332,7.2
24265,8.4
25184,8.0
25692,6.6
25434,8.1
24670,7.1
7539,7.8
7295,8.3
7426,7.6
7569,8.4
7597,6.9
7409,7.7
7358,7.0
19288,7.9
18246,6.6
17476,8.4
19247,7.6
18350,7.2
18220,7.1
17583,8.9
19861,8.6
19587,7.6
19476,8.0
20013,7.2
20163,6.3
20127,9.7
19875,8.8
12263,6.6
13063,7.2
12323,6.8
12901,8.1
12525,7.4
12255,8.7
12614,6.8
16721,8.3
16811,7.7
16751,7.9
16736,9.5
16796,8.3
16856,8.9
16841,9.1
24036,7.3
24247,4.2
24022,8.9
23999,8.6
24205,8.3
23990,6.9
24233,7.2
24110,10.0
24716,6.3
24986,6.6
24074,8.0
24343,8.1
25512,8.3
24145,7.6
24761,6.4
24915,6.3
24888,8.1
24732,7.0
24749,7.8
24928,8.9
24987,6.3
23633,7.3
23584,8.1
23379,6.6
23455,7.6
23509,8.8
23469,8.3
23548,8.9
13266,6.9
13468,7.8
13856,8.9
13591,6.6
13187,9.3
13246,7.9
13540,7.0
16504,4.9
16189,5.9
16205,6.0
16012,6.3
16452,9.3
16310,5.8
16181,8.9
11791,5.1
11775,7.0
11826,7.8
11935,8.6
11846,8.3
11946,8.5
11913,8.3
8820,4.4
8475,6.9
8854,5.9
8676,9.2
8810,10.0
8545,6.3
8606,9.9
2309,5.3
2224,8.1
1556,7.8
1649,6.6
3406,7.6
1574,9.2
2559,7.8
7449,6.7
7364,8.2
7398,8.1
7381,7.7
7415,9.3
7351,7.9
7481,7.5
21955,7.9
22139,5.9
22298,8.1
21913,7.9
22655,5.6
22668,6.3
22041,6.5
15543,8.5
15284,6.8
15551,7.4
15302,6.1
15438,9.2
15562,10.0
15500,7.7
13767,7.1
13163,10.0
13211,6.3
13925,9.2
13109,7.3
13828,6.7
13842,6.8
22070,7.9
22805,7.6
23183,6.3
22254,9.0
22140,7.9
21877,8.3
22885,6.2
6844,7.1
6792,7.8
6393,9.0
6870,5.3
6895,5.8
6995,7.5
6629,6.3
20174,3.8
19163,7.7
19102,8.8
20534,9.1
20323,6.4
20443,8.7
20456,4.6
454,7.3
517,7.6
578,5.2
509,7.6
540,7.8
550,8.5
483,6.5
2841,8.0
2868,6.8
1908,6.7
3271,8.8
2205,8.1
2923,8.1
3052,9.4
11949,9.7
11882,7.2
11916,8.5
11905,9.8
11938,8.6
11927,9.4
11858,8.3
10949,7.4
10969,5.7
10163,8.0
10332,8.2
11069,3.8
10084,7.1
10247,8.0
3117,5.9
1886,7.5
1589,7.9
2833,8.5
2641,7.0
3198,8.2
2807,7.5
16766,8.1
16870,7.2
16929,6.1
16826,7.6
16781,8.0
16661,8.0
16945,7.4
12320,8.9
12290,7.1
12347,6.3
12298,7.2
12356,6.2
12377,7.6
12306,9.1
18830,6.2
18660,8.3
18564,7.8
18287,5.9
17586,8.4
18916,7.8
19477,7.1
2009,9.3
1843,7.5
2211,8.3
2111,5.9
2578,8.9
1919,7.1
1902,7.5
15186,7.3
15264,8.0
15246,6.2
15336,9.6
15354,7.1
15420,7.9
15484,8.5
13085,6.6
13207,6.9
13159,8.2
13024,7.5
13146,8.7
12995,7.8
12982,7.2
14502,7.8
14630,7.0
14467,7.4
14386,9.2
14484,8.1
14379,5.7
14393,8.4
23077,4.7
22963,8.5
23060,9.0
23043,8.5
22970,8.9
22977,7.9
23016,8.3
659,7.1
687,10.0
778,6.9
1017,7.6
1099,8.9
865,8.0
695,8.5
21509,8.6
20172,6.9
19925,7.8
21187,8.6
21567,7.9
21060,8.0
19468,10.0
11957,7.7
11766,8.3
11783,8.6
11868,8.5
11741,8.8
11816,9.0
11968,7.7
646,7.0
121,7.2
236,8.2
1959,5.5
2467,8.2
2601,6.9
2563,6.3
2835,7.6
394,9.3
2588,8.1
3310,6.8
1602,7.9
2925,6.5
179,6.3
395,8.3
691,7.5
449,10.0
544,8.5
36,8.9
529,6.7
705,6.7
25730,7.7
25210,10.0
26217,8.2
25349,8.9
25712,6.3
25177,6.0
25871,8.4
1804,8.6
2220,7.3
1912,8.1
2229,7.7
2653,7.8
2525,7.4
2261,8.3
23495,7.4
23508,8.2
23309,7.9
23482,6.9
23468,7.1
23362,8.6
23521,8.3
7300,8.1
8348,8.0
8114,6.6
7848,6.4
7431,8.0
7350,7.4
7682,6.6
19911,6.3
18437,7.4
19419,6.3
20335,6.3
20351,7.9
19760,8.1
20297,8.8
12153,6.0
12217,6.7
12140,6.3
12058,7.8
12088,9.3
12241,5.8
12229,9.5
26150,8.0
26178,8.8
26122,8.3
26098,8.5
26110,4.3
26136,8.6
26090,7.6
24198,7.7
24150,8.2
23905,9.3
23921,8.9
24293,6.3
24097,5.9
23740,8.5
23929,6.3
23814,9.0
24014,5.9
23828,7.4
23725,7.7
23679,8.5
24182,8.3
20705,8.4
20665,5.1
20649,9.2
20673,6.1
20653,7.4
20658,8.2
20720,6.3
22735,6.6
23179,6.2
23141,5.8
23098,6.3
22944,6.4
22751,6.9
23154,5.1
23137,10.0
23221,8.6
23452,8.9
23026,7.2
22968,9.3
23466,8.1
23438,7.7
3889,9.1
3236,7.6
2697,9.2
4131,8.2
3672,8.4
4184,8.4
3800,9.3
24176,7.4
24109,6.1
24288,6.3
24342,7.8
24236,8.3
24222,4.3
24297,5.5
7403,7.1
7657,6.3
7617,8.3
7533,7.9
7369,7.6
7673,10.0
7486,7.7
18679,7.5
20482,8.3
19542,7.8
19661,8.9
19856,6.6
18956,8.5
19032,6.6
15406,4.6
15422,5.2
15485,8.5
15454,8.3
15338,7.7
15373,7.6
15248,7.9
9885,9.7
9924,6.8
9585,9.0
9652,7.9
9972,6.4
9570,7.8
9599,5.1
25114,8.4
25525,8.4
25039,7.6
24622,7.6
24338,7.4
24926,7.8
24468,7.7
25378,8.9
25777,6.1
26147,7.4
25066,6.0
26057,7.3
25910,7.2
25545,8.1
17838,6.3
17784,6.0
17797,9.1
17877,4.5
17825,7.6
17851,7.8
17864,7.6
18676,8.0
18742,8.5
18753,8.5
18666,8.6
18921,8.1
18799,9.1
18389,7.9
2007,6.7
1917,7.0
1989,8.5
1999,10.0
2015,8.5
1978,8.4
1942,7.1
24743,7.8
25350,7.8
26111,6.3
25013,7.6
25839,6.5
25695,6.7
25318,8.7
15219,8.2
15560,7.3
15085,6.9
15564,8.5
15046,6.2
15440,8.9
14986,7.7
12272,7.8
12294,7.9
12145,8.4
12132,6.7
12318,8.4
12210,7.8
12119,7.2
22510,8.2
22360,3.1
22583,7.9
22324,7.7
22567,10.0
22496,7.5
22591,7.7
11893,9.3
11926,7.6
11937,8.1
11881,7.9
11959,6.3
11970,8.1
11904,7.9
1350,8.7
2238,8.8
553,7.5
1771,7.3
3177,6.3
2627,5.9
3063,7.4
14756,5.9
14607,8.5
16363,6.5
16022,9.7
15912,7.0
16287,8.4
15990,7.0
11426,8.6
11900,4.8
11511,9.1
11358,8.7
11345,8.0
11209,7.8
11661,8.1
24580,8.0
24655,7.3
24447,6.8
24970,8.0
24688,6.9
24932,7.5
24713,9.1
21661,9.5
21641,8.3
21743,7.8
21730,7.0
21777,7.6
21716,10.0
21650,9.3
24114,8.6
24013,8.2
24078,8.5
24027,10.0
24132,8.6
24059,7.6
24149,7.3
428,6.7
579,7.7
494,8.9
474,9.2
445,8.1
590,8.0
390,7.0
19818,7.7
18987,7.8
20404,8.5
20083,8.7
18669,8.4
18972,8.0
18924,8.4
3012,6.7
3111,5.8
3034,5.8
3517,6.6
3359,9.0
2968,7.6
3316,8.6
22350,8.0
22422,8.0
22792,6.6
22128,7.8
22530,8.2
21634,8.2
22114,9.7
2294,8.0
3419,9.3
3491,6.3
1626,3.2
2539,7.7
3497,6.3
3241,8.5
2095,8.2
2273,7.4
2303,6.8
2151,8.7
2081,8.6
2164,8.0
2209,6.8
464,6.9
484,7.9
410,5.9
551,6.3
437,7.6
526,6.7
419,7.4
436,8.3
631,7.0
620,9.2
312,8.6
289,8.5
689,7.6
323,8.2
17774,7.3
17902,6.6
17890,8.1
17798,8.4
17960,8.1
17878,8.1
17826,7.2
12108,5.6
12082,9.0
12042,8.8
12160,9.4
12134,5.5
12049,8.1
12071,8.9
13391,8.1
13491,6.8
13425,8.1
13347,8.1
13337,7.0
13585,8.6
13375,7.5
18050,8.4
18290,9.0
18117,8.1
18632,6.2
18969,7.7
19029,6.8
18871,7.8
6765,9.3
6676,4.8
6628,8.3
6752,8.6
6723,7.5
6642,9.4
6708,6.3
3089,7.5
706,5.6
1342,8.1
1620,10.0
2557,7.8
2952,7.0
1910,8.3
10567,9.0
10408,7.3
10647,7.6
10219,7.2
10401,9.3
10250,5.2
10739,8.6
22312,7.0
22284,7.2
22702,6.3
22097,6.4
22754,7.6
22401,8.1
22841,9.4
7505,9.3
7372,7.9
6795,10.0
6618,8.2
7125,7.9
7641,7.3
6898,8.4
9864,6.3
10244,6.6
10301,9.3
9942,9.1
10065,8.6
10131,9.7
9988,6.1
3882,8.5
3913,7.9
3926,7.6
3867,7.4
3852,7.2
3897,6.6
3936,6.0
26205,9.7
26240,7.4
26259,6.3
26290,8.3
26371,6.3
26354,5.8
26135,8.1
15762,8.4
15890,6.9
16048,7.3
16124,8.6
15738,8.1
15809,9.0
15724,7.4
9950,6.2
9912,6.0
9873,6.9
9886,4.0
9899,5.6
9834,8.6
9860,7.1
4400,6.4
4320,9.2
4384,8.3
4517,6.2
4498,7.8
4479,9.7
4327,9.1
16010,8.1
16170,9.7
16119,10.0
16327,8.5
15883,5.7
15978,8.5
15737,6.8
5652,8.2
5916,7.6
5370,10.0
5685,7.3
5143,5.3
5898,7.7
5717,8.8
62,7.8
513,6.7
712,7.8
441,6.0
114,6.5
226,7.3
433,8.0
13,7.2
47,8.3
75,7.4
89,7.6
20,7.7
35,7.9
27,7.0
376,7.0
327,6.3
398,10.0
435,8.3
355,9.0
417,8.9
337,10.0
15667,7.3
15153,8.3
15471,8.1
15086,6.6
16309,10.0
15552,5.3
15501,8.6
19097,4.9
19267,8.9
20469,7.6
20006,7.0
19254,8.2
18562,8.6
19177,8.2
18472,7.6
18288,6.3
17693,7.8
17814,8.0
17786,8.9
17853,9.1
17915,5.6
10868,9.4
10791,5.3
10798,8.3
11033,9.3
10807,7.8
10784,6.5
10945,7.4
14271,6.5
14023,8.0
14063,8.6
14126,7.1
14092,5.6
14258,9.0
14203,8.0
3952,6.7
4110,7.1
3112,5.7
2674,7.6
3728,7.8
3924,6.3
3013,7.2
19847,7.6
17456,5.7
17506,8.5
20236,5.7
17581,7.5
18700,6.4
19921,7.2
2137,5.2
2109,7.6
2123,8.5
2176,8.3
2188,9.2
2199,5.4
2259,8.1
7363,7.8
7912,8.8
6129,7.6
5245,9.6
7278,8.3
7928,6.8
7496,7.4
3929,10.0
3783,5.6
3875,5.5
3452,8.4
3919,6.4
3792,6.3
3426,6.0
18094,3.5
18251,8.1
18239,7.6
18225,8.2
18081,8.1
18064,8.8
18072,8.4
16555,7.5
16535,6.9
16422,6.7
16291,8.2
16475,5.3
16449,10.0
16366,9.3
17067,8.1
16859,8.3
17591,9.5
17751,8.3
17501,7.8
17384,10.0
17636,10.0
9575,6.4
9061,9.8
8825,5.3
9025,7.6
9528,9.6
8901,8.1
9493,8.2
4758,7.4
6789,6.8
5130,8.1
5085,7.3
6472,10.0
6545,7.5
6552,7.9
5331,8.7
5277,8.5
5184,8.0
5295,8.1
5259,6.6
5137,8.5
5222,6.8
5550,8.9
6089,6.9
5814,7.4
6060,6.0
5157,8.3
5401,4.4
5701,8.1
5708,7.0
5931,8.2
5587,7.9
5867,7.8
5829,4.0
5806,7.7
5872,8.0
518,8.3
570,4.5
561,7.8
455,7.4
600,7.3
401,7.4
541,7.3
604,4.4
701,8.4
833,8.3
754,7.9
812,8.2
668,6.4
722,8.8
16494,9.3
16520,6.3
16133,6.9
15968,4.2
16941,6.0
16777,6.6
16852,7.8
263,8.5
191,7.3
460,6.6
110,8.0
158,8.0
450,6.5
345,6.9
18469,8.7
19152,7.0
20364,5.3
18839,7.6
19433,6.7
19002,7.7
19088,6.6
14674,8.3
14488,5.9
14661,7.7
14556,10.0
14715,7.7
14633,7.8
14572,7.9
11723,9.7
11659,6.3
11669,8.5
11697,7.9
11611,7.4
11635,6.2
11706,7.4
23777,7.9
23806,8.5
23834,8.8
23747,8.4
23732,8.9
23792,7.0
23820,10.0
20560,7.5
18534,6.0
19849,5.6
19293,7.7
19827,7.4
19224,7.9
18575,8.1
11095,8.9
10883,8.6
10837,8.4
10783,2.5
10815,6.1
10923,6.3
10797,8.0
13917,8.0
13784,7.4
13439,6.4
13715,8.3
13422,6.3
13488,8.3
13517,8.1
9419,7.8
8814,6.3
8858,6.5
9287,9.3
9001,6.9
9395,7.6
8965,7.7
21004,6.6
20867,10.0
20839,4.0
20740,7.0
20921,7.5
21000,6.1
20810,6.5
4664,4.9
4148,7.7
3799,8.5
4186,7.8
4641,7.4
3888,8.6
4118,6.6
1586,5.7
1553,7.2
1396,8.1
1562,7.9
1476,8.5
1426,6.8
1444,7.0
12293,3.8
12719,8.2
12992,5.3
12957,5.9
12782,6.7
12131,9.0
12689,6.3
3001,8.2
3300,8.3
2907,9.2
2972,7.2
2880,6.8
2867,7.0
3291,5.8
8283,10.0
9432,6.3
9334,8.3
9247,7.7
8595,8.1
9400,8.3
8126,7.6
11199,8.5
11717,6.3
11249,10.0
12000,6.0
11434,6.3
11877,7.5
11814,8.3
12044,7.3
12543,8.2
11901,10.0
12574,9.4
12457,7.8
12253,6.4
11890,5.7
5638,7.2
5091,8.0
6416,8.1
5554,8.5
4908,8.4
5569,7.0
5673,7.8
16704,9.0
16659,8.5
16749,5.8
16277,7.0
16378,9.6
16336,7.7
16512,7.0
16131,7.6
16369,9.6
16538,9.7
16109,8.1
16548,8.8
16257,8.7
16151,7.0
4838,6.3
4959,4.9
5045,7.5
5059,6.6
5066,6.8
5456,6.7
5312,8.1
3148,6.7
2532,9.3
2073,10.0
2731,9.6
2249,7.6
1766,8.5
3212,9.0
22294,8.2
22465,8.4
22342,8.2
22378,4.4
22448,8.6
22601,10.0
22307,10.0
19644,7.7
19728,7.6
18821,7.2
20102,7.5
19805,7.6
19371,7.0
20275,8.1
16912,6.0
18348,6.6
18882,8.5
17745,7.5
18914,8.0
17262,8.4
16709,7.3
21891,8.2
21608,8.7
21747,7.7
21882,5.3
21678,7.5
21645,8.3
21570,8.5
13011,7.6
13003,10.0
13118,8.1
13132,7.7
13243,7.4
13183,8.4
13038,7.8
25627,3.6
25642,9.4
25481,8.0
25600,8.4
25494,9.7
25404,7.7
25468,8.9
12956,8.1
12684,6.2
12821,8.5
12731,7.9
12779,8.4
12715,9.8
12793,8.4
3649,9.9
3781,9.3
4058,7.6
3873,9.1
4207,9.6
4525,8.0
3790,8.7
7208,4.2
6710,7.3
6906,8.9
6616,7.4
7462,8.4
6958,7.0
6916,6.7
16063,7.4
15798,7.2
15774,4.5
15985,6.8
15955,6.7
16164,8.3
15831,6.0
19538,8.3
19756,8.3
19325,8.9
19402,4.5
19230,8.4
19521,7.8
19740,8.4
8732,8.8
8704,6.8
8690,6.3
8936,6.3
8923,9.1
8509,7.4
8648,7.6
9210,4.8
9299,8.0
8979,6.9
9063,5.4
8991,8.6
9074,8.1
9255,7.8
12712,7.3
12883,7.9
12965,8.1
12804,8.4
12870,6.2
12760,8.5
12844,8.9
17866,10.0
17202,7.7
17290,6.6
18341,9.1
18864,7.6
17531,8.2
17981,6.4
23640,7.5
23595,8.1
23573,7.4
23644,5.1
23411,7.0
23395,6.3
23426,7.4
8943,8.4
9016,7.6
8968,7.8
9040,7.4
8992,4.7
9085,7.5
8862,10.0
22446,8.1
22494,7.5
22412,7.3
22479,9.4
22429,7.0
22323,7.8
22534,5.9
14006,7.6
13771,5.6
14411,7.5
13509,7.3
13727,7.8
14388,6.7
14645,9.3
2214,8.1
2278,8.7
2256,8.2
2100,7.4
2156,7.8
2293,6.3
2223,7.4
1675,8.5
1806,7.8
3007,7.7
2950,7.1
2590,5.8
2825,5.9
2446,9.2
15375,6.7
15553,8.1
14971,7.1
15097,6.6
15545,5.1
15456,6.3
15250,7.3
23995,8.2
24018,8.5
24119,7.2
24064,6.9
24083,9.7
24004,3.5
24032,7.5
18207,7.4
18236,8.5
18260,7.5
18192,6.4
18158,6.1
18123,10.0
18336,9.5
21218,9.6
21123,7.2
21070,7.1
21012,6.3
21250,5.8
21196,9.0
21097,9.0
10705,8.0
10763,10.0
10715,7.9
10545,10.0
10680,8.1
10693,9.1
10602,8.0
16440,7.3
16505,7.9
16194,10.0
15898,8.7
16549,8.4
16056,10.0
15876,8.8
1759,6.1
953,6.3
512,8.0
2883,7.7
1046,6.9
2755,5.8
1578,7.3
2025,9.0
2207,6.4
2146,6.8
1974,8.6
2184,10.0
1961,7.4
1995,8.8
1714,8.9
1596,5.7
1777,7.3
1736,7.8
1725,7.6
1830,4.2
1789,6.4
24673,7.4
24435,8.8
24471,6.6
24637,7.0
24625,8.1
24586,7.5
24661,8.4
24016,4.4
22304,7.9
24200,9.4
24152,8.4
23399,8.4
23351,7.5
22886,7.8
815,8.0
854,9.1
804,9.1
769,7.4
850,8.8
834,8.9
846,7.9
18184,7.2
18267,7.5
18131,7.0
18086,8.6
18054,8.0
18255,9.8
18215,7.9
4153,5.8
4093,7.4
3991,8.7
4167,9.2
3931,5.7
4032,7.5
4048,7.6
4618,10.0
4416,7.7
4325,10.0
4353,8.4
4586,8.6
4436,8.8
4476,8.9
18364,7.1
19275,5.8
18303,7.6
18459,6.3
18699,8.3
18763,7.2
17459,7.7
15662,7.5
16017,5.6
16089,8.0
15678,9.1
15877,7.1
16184,7.9
15899,9.2
24451,6.5
24505,7.9
24692,7.7
26042,6.4
24808,8.4
26268,7.8
25300,6.5
627,6.2
791,6.1
813,8.0
733,10.0
591,8.1
896,6.6
938,9.2
3809,8.7
3075,8.1
4624,7.3
3176,10.0
3496,8.5
3650,6.4
4225,7.8
204,8.8
139,7.7
163,7.8
127,7.4
174,8.5
22,6.9
29,8.1
19940,8.5
20884,6.5
20382,7.9
20553,8.6
20763,5.8
20898,8.4
20222,8.6
6812,7.8
6957,7.6
5414,7.2
5352,7.6
6733,6.1
5226,7.8
6073,7.6
18468,7.9
18502,8.2
18686,6.8
18436,7.5
18586,7.6
18646,9.0
18598,7.5
19311,8.1
17661,7.3
17556,8.0
18082,7.3
18455,5.9
17701,7.8
19537,7.6
7140,7.9
6968,7.0
8358,8.9
6372,6.4
6877,7.9
7527,7.0
7112,6.2
21354,7.8
21329,7.5
21345,8.2
21379,8.5
21409,4.9
21364,7.0
21308,6.1
8715,7.6
8617,7.5
8687,8.8
8776,5.8
8489,10.0
8559,7.0
8450,5.3
1754,7.8
2481,9.7
2087,7.0
2848,8.3
2434,8.5
2908,7.6
2470,5.0
5198,9.3
5272,4.5
5375,8.5
5343,8.1
5236,6.6
5326,8.6
5179,5.9
3817,8.9
4579,8.1
4133,9.0
4027,8.5
4162,9.6
4013,7.9
4197,10.0
2407,6.7
2433,6.8
2384,7.8
2628,6.3
2445,6.9
2531,7.9
2564,9.0
6434,8.1
6548,7.7
6969,8.0
7098,7.2
6988,8.3
7360,6.9
7141,8.1
26252,7.4
26123,6.6
25235,8.3
24934,6.9
25978,7.5
26099,10.0
25028,6.3
20808,6.3
20774,8.8
20757,8.2
20791,9.6
20852,6.5
20838,7.2
20823,9.2
235,7.6
248,8.9
51,8.7
105,6.6
213,9.5
165,7.1
93,9.3
12110,6.0
12149,9.2
12097,6.8
12084,9.0
12123,9.3
12136,6.5
12073,9.4
531,6.9
632,8.5
621,7.8
643,6.4
653,8.1
491,7.4
568,7.4
7028,8.2
7118,6.3
7132,8.3
7058,9.7
7103,6.6
7043,6.8
7088,5.2
9856,7.9
9809,3.7
9830,5.3
9819,9.1
9921,4.4
9895,8.1
9869,8.9
13993,8.4
14053,8.3
14400,9.4
14001,8.4
14657,6.1
14568,7.3
14025,6.8
19007,7.6
18213,10.0
18946,10.0
17050,9.2
16679,6.9
17799,7.6
17927,10.0
24003,8.3
24100,8.2
24153,8.8
24136,8.2
24118,6.9
24258,8.1
23977,8.5
14216,8.7
14230,6.5
14037,5.3
14061,7.1
14049,9.1
14090,6.9
14316,9.2
17439,8.9
20074,6.3
20543,6.9
18373,8.5
19083,7.3
17724,4.1
17871,8.4
549,9.7
663,8.3
539,6.8
499,7.4
682,7.0
507,7.7
481,8.4
3150,8.8
3130,9.7
3140,8.4
3069,7.7
3200,6.9
3011,5.4
3120,8.3
11134,4.9
11517,7.0
10901,8.6
10921,6.8
11425,8.0
11248,7.1
11544,6.9
10597,8.5
10495,7.0
10712,7.3
10509,9.3
10462,8.1
10662,8.0
10454,8.5
615,7.2
708,7.9
715,7.7
765,7.3
637,8.4
790,7.3
801,7.3
11096,7.3
10827,5.3
11065,6.6
11017,9.3
10839,6.1
11167,8.5
10777,5.7
1774,7.4
1702,6.9
1681,4.4
1741,7.8
1668,6.8
1655,7.7
1800,7.4
25285,7.0
24681,8.2
24298,7.9
25447,6.3
25580,8.4
25735,6.7
24414,6.0
19686,7.9
19500,4.2
19900,8.1
19989,6.9
19886,8.1
19752,7.9
19870,4.7
23730,9.8
23760,8.9
23832,4.4
23818,7.6
23790,9.4
23775,8.2
23804,7.1
19151,8.5
17932,7.0
17954,7.2
19062,6.8
19238,9.4
17920,7.1
19528,7.0
9968,8.0
9990,6.9
9866,6.8
9956,6.9
9806,6.6
9840,7.8
9827,7.4
5760,7.4
6747,7.8
5914,7.5
7542,8.1
7280,6.9
6520,7.4
6384,7.8
8633,7.4
8474,8.2
8770,7.4
7774,9.1
9024,8.8
8988,7.3
8824,5.4
7484,8.4
7468,7.8
7435,7.3
7500,8.7
7401,8.3
7384,7.5
7452,6.6
9694,9.5
9487,8.3
9607,7.4
9531,6.1
9647,6.9
9714,7.6
9621,8.2
22821,6.6
22001,8.6
22142,6.9
21959,8.9
22404,7.4
22100,7.7
22849,9.3
4661,5.0
4463,6.4
3444,6.7
3904,7.5
3379,6.3
3183,6.9
3125,7.7
18127,8.1
18398,8.5
17948,6.3
19039,6.3
18347,8.8
17824,6.1
18648,9.5
1479,7.9
1573,8.7
1546,3.8
1503,7.7
1491,7.9
1457,7.1
1537,7.7
12301,8.9
12394,5.2
12092,8.8
12450,9.4
12577,5.5
12209,7.0
12144,7.7
1103,5.6
1244,5.5
1092,6.3
1221,6.9
1152,6.7
1198,6.9
1146,5.9
10265,7.7
10366,6.3
10760,7.4
10621,6.0
10480,10.0
10608,7.6
10581,7.9
3960,9.5
3967,10.0
2348,6.4
4080,6.3
2693,6.5
4321,8.0
4401,4.6
7835,7.8
7867,8.2
7963,8.9
8051,4.9
8022,8.0
7785,7.8
7915,8.0
11866,8.6
11708,6.6
11279,6.4
11747,5.6
11889,6.7
11760,6.8
11174,7.2
5928,7.3
5908,7.8
6046,7.8
5941,7.8
5900,7.0
5892,8.1
6001,7.5
11969,6.2
11857,8.2
11460,8.1
11439,7.6
11630,7.0
11478,6.9
11925,6.3
13654,7.8
13613,8.6
13432,8.2
13565,6.9
13668,8.0
13498,6.8
13635,7.8
6680,10.0
7620,10.0
7608,6.5
6873,8.5
7330,8.4
7440,6.3
6928,8.3
6059,8.2
6212,7.2
6903,6.7
5721,6.6
6303,7.9
6923,8.5
4867,7.4
20577,8.5
20513,7.7
20461,7.2
20526,8.2
20500,8.6
20395,7.9
20448,8.2
16553,7.7
16447,7.3
16689,7.2
16304,6.0
16629,7.7
16734,6.8
16486,5.8
9581,8.5
9759,8.4
9662,8.5
9734,7.1
9788,9.4
9566,8.3
10082,7.2
9161,8.5
9138,7.9
9133,6.6
9144,7.7
9130,5.9
9171,7.0
9152,4.5
1564,8.4
1555,6.6
1588,8.3
1467,5.9
1597,8.2
1526,7.1
1605,7.2
18678,10.0
18574,7.7
18547,8.9
18658,4.4
18518,7.0
18452,8.6
18705,7.1
7889,6.3
9316,7.7
9357,6.9
8120,7.2
8619,7.6
8027,7.8
7873,8.1
21887,7.0
21906,6.3
22071,7.0
21958,7.7
21896,8.4
21878,7.4
22043,8.3
6368,6.4
5584,6.9
6721,10.0
6356,5.5
5519,6.8
6815,9.4
5387,6.9
15830,9.3
16311,6.3
16140,7.9
15761,7.4
16356,6.1
15994,8.8
16108,5.6
9015,7.8
8903,8.5
9122,6.0
9103,8.9
9285,7.1
9003,4.6
9125,7.9
5854,8.6
5659,7.3
5767,10.0
5861,6.2
5781,8.3
5794,4.2
5605,8.2
25916,6.0
25924,8.9
24838,6.3
25591,8.1
26291,6.4
25489,7.7
25143,6.4
9673,8.1
9749,7.9
9733,4.9
9757,6.6
9800,7.4
9724,7.5
9787,8.0
9090,8.9
8948,10.0
8935,8.5
9033,7.5
8985,7.2
9108,7.6
8867,3.6
9708,8.7
9859,8.7
9523,8.9
9783,7.2
10072,9.0
10054,6.2
10046,7.2
3254,6.5
3328,5.6
2930,7.7
2957,7.6
3239,5.8
3437,7.9
3309,8.4
5209,10.0
6000,8.0
5907,5.2
5580,7.2
5430,9.3
6075,6.1
5083,8.5
24356,8.3
24347,7.8
24442,7.8
24410,7.9
24350,9.3
24344,7.7
24397,8.9
21500,6.9
21518,7.4
21527,9.6
20818,6.1
20537,10.0
21072,8.0
20243,6.8
15329,9.7
15222,5.8
15101,7.9
15145,7.2
15006,8.1
15021,7.6
15397,7.4
22902,6.3
23278,7.1
22826,9.1
23082,8.1
23190,8.0
22854,6.8
22840,10.0
7995,8.4
7802,6.8
7767,7.7
8009,8.1
7883,9.0
8043,6.8
7819,9.0
23998,7.3
24103,5.4
23715,7.1
24121,10.0
23668,8.0
24218,5.6
24188,4.8
20501,7.8
20924,7.5
20369,7.9
20620,7.1
20856,8.0
20150,8.8
20985,4.7
14631,5.0
13445,6.3
13341,6.3
14189,6.9
14143,8.4
13884,7.9
14374,9.8
1704,6.5
1670,5.9
1940,7.5
1986,8.1
1951,9.9
1361,9.2
1416,8.8
10933,7.7
11023,8.5
10913,9.1
10893,7.3
10972,4.6
10953,7.8
10990,7.4
23507,8.3
23292,7.4
23308,6.5
23494,7.8
23520,5.9
23361,8.5
23453,6.2
15121,8.3
15048,6.3
15137,7.0
14988,7.8
15131,6.3
15033,7.7
14891,7.4
7554,7.8
7476,8.6
7303,8.9
7282,7.1
7524,5.1
7312,8.1
7333,6.3
14814,9.1
14933,10.0
15816,8.7
15204,8.3
16021,9.0
15658,5.1
15758,5.0
5586,8.1
6818,7.5
5707,10.0
6191,5.4
6099,7.8
6210,5.3
5853,7.7
2618,9.3
1760,3.3
1608,7.7
2965,10.0
2461,6.2
2534,7.9
2516,8.7
15003,7.3
14973,7.9
14958,6.0
15062,6.8
14872,5.3
15149,7.3
15110,7.1
16392,6.3
16288,8.7
16460,7.8
16567,7.1
16561,7.3
16473,6.7
16533,7.6
22918,7.8
23009,8.2
21933,6.6
22543,6.8
22423,7.6
22351,7.4
22861,5.4
14330,9.3
14067,7.5
14151,8.6
14211,7.3
14300,7.5
14239,7.5
14339,8.9
13646,7.2
13175,5.6
13713,7.4
13869,7.6
13092,8.3
13400,5.9
13281,7.4
24700,8.3
25206,7.4
24279,7.2
24316,8.3
25771,6.5
25604,7.9
24913,6.8
10700,10.0
10483,7.8
10649,6.9
10470,8.8
10555,7.7
10636,7.8
10722,8.3
14446,7.3
13982,7.4
15607,6.3
15768,7.7
15671,6.3
15240,6.3
13810,10.0
4247,9.5
3639,9.3
3835,7.4
4627,9.2
3760,7.2
4675,6.8
4712,9.4
25417,7.6
25469,8.1
25443,7.2
25521,8.5
25456,7.1
25534,8.8
25508,6.6
9622,7.3
9766,4.8
9465,6.1
9534,6.9
9780,6.3
9476,6.6
9579,10.0
17758,8.9
18992,8.0
18399,9.6
18198,7.1
18265,8.9
18416,7.6
17277,7.4
23203,10.0
23156,9.0
23143,6.5
23008,8.3
23181,9.4
23214,7.2
23169,7.2
2345,5.7
2493,8.5
1892,10.0
1790,7.9
2504,10.0
2436,3.8
2630,6.8
21944,7.3
22262,7.7
22875,7.1
22746,7.4
22179,6.1
21709,5.2
21935,7.9
24825,8.8
24882,6.7
24868,6.9
24810,8.8
24840,7.9
24909,3.6
24896,7.5
14024,6.6
14076,7.7
14127,7.5
13928,7.9
14232,6.4
14570,7.6
14468,5.2
13718,7.3
13896,10.0
13411,8.3
14017,9.8
14110,6.6
13394,8.7
13845,7.6
18085,8.4
18147,7.7
18098,10.0
18053,6.7
18130,9.7
18067,9.5
18047,8.1
12485,6.9
12348,6.8
12315,6.3
12459,5.5
12378,7.3
12509,6.6
12521,6.3
22517,8.6
23171,4.4
22333,7.9
22167,5.1
22028,8.2
22897,7.1
22098,7.5
2700,6.8
2683,4.6
2734,5.6
2767,7.3
2819,6.3
3080,7.8
2874,8.9
6761,8.4
6852,7.0
6748,8.9
6734,8.3
6704,7.8
6672,8.0
6787,8.4
23576,7.9
22353,8.2
24600,7.9
23486,5.6
23255,8.9
23628,7.1
24062,8.5
5155,5.4
7052,6.3
7397,8.7
7308,5.6
8183,6.3
8441,9.0
6773,7.6
10506,7.2
10392,7.5
10673,7.4
10730,5.0
10753,8.5
10235,8.7
10420,7.7
22250,7.7
22187,9.8
22527,7.6
22784,8.0
22153,5.1
22193,8.7
22083,6.9
15846,6.3
13890,6.3
16020,6.9
14461,7.0
15542,6.3
15836,8.1
15585,6.3
17630,6.1
17205,8.7
17688,7.8
17555,7.0
17700,8.3
17600,7.4
17156,6.4
17479,9.1
17660,9.7
17265,8.6
17303,8.8
17189,9.0
17495,10.0
17428,9.1
2591,7.2
1831,4.7
1818,4.3
1884,7.8
1992,9.1
2201,10.0
2448,4.6
12155,7.7
12571,7.8
12752,6.6
12504,7.5
12219,7.1
12194,8.5
12054,9.8
16423,6.9
16437,8.3
16339,6.3
16395,4.9
16476,4.9
16324,7.6
16381,7.6
6756,5.9
6742,9.0
6908,5.8
6769,9.3
6947,7.9
6949,7.8
7355,8.7
18362,9.1
17576,9.4
18456,7.7
19074,5.9
17765,7.9
18736,9.0
17971,9.3
11074,5.9
10916,7.0
11089,9.3
11148,7.0
11160,6.1
11010,8.8
11158,7.8
673,8.5
690,8.1
559,7.9
598,7.6
577,8.0
523,6.3
471,7.3
10897,7.3
11117,7.1
10976,8.0
10957,7.1
11138,7.9
10845,6.2
11149,7.4
10113,6.8
10124,8.0
10137,8.1
10168,8.2
10150,8.5
10186,6.1
10220,7.9
6185,10.0
6050,7.3
6093,7.4
6195,5.6
5958,6.6
6020,9.0
6065,8.2
6705,9.6
6840,8.6
6853,7.5
6762,6.0
6931,4.0
6749,6.7
6912,9.6
6786,9.3
5715,5.6
5368,8.9
5563,5.9
6864,8.6
5897,6.3
8426,2.9
24945,8.9
24619,8.6
25032,7.0
25001,7.5
25019,6.9
24791,8.4
24429,6.3
772,5.8
818,9.9
844,8.4
562,10.0
411,6.3
904,4.6
856,9.1
9115,5.3
8882,6.9
8922,7.6
8961,7.6
9021,5.3
8853,8.1
8909,8.9
1945,8.4
1926,8.2
2166,10.0
2290,8.6
2642,8.0
1855,6.9
2566,6.6
13288,8.7
13248,8.1
13237,7.6
13225,7.7
13016,8.0
13029,9.6
13258,8.9
15235,8.9
15488,8.5
15377,6.3
15307,4.7
15393,8.5
15360,7.6
15503,8.9
25052,8.4
25261,8.0
25117,8.2
25187,7.5
25149,8.2
25241,9.2
25132,8.6
8488,8.5
8616,8.4
8558,7.3
8573,7.6
8541,8.2
8523,6.3
8602,8.3
22012,6.3
22026,9.0
21969,8.8
21997,7.3
21902,7.0
21894,7.9
22040,6.3
22712,7.8
22072,8.9
21629,7.0
22332,7.6
22628,10.0
21917,7.0
21657,6.0
15358,8.1
15152,7.2
15073,6.1
14907,5.2
15141,7.6
15119,9.0
14924,6.3
11037,6.9
10134,8.6
10427,9.8
10181,10.0
10831,8.4
10857,10.0
10843,6.9
17054,7.5
17728,2.5
17510,8.4
17540,9.3
17710,5.3
17220,7.5
17071,5.0
14437,8.6
14566,8.4
14464,6.9
14449,9.0
14517,6.6
14499,7.1
14550,6.3
456,7.3
511,10.0
535,5.2
420,7.3
748,6.1
542,9.2
785,5.5
18851,7.6
18951,8.1
18751,7.2
18740,9.1
18887,9.6
18919,6.2
18730,7.1
15977,8.3
15950,7.7
15993,8.6
15939,9.6
15916,6.6
15908,8.1
15924,9.0
10641,6.3
10654,6.3
10513,5.3
10499,8.6
10575,8.9
10735,5.7
10725,8.0
4237,8.4
4265,7.8
4725,7.8
4073,7.5
4487,6.3
4283,8.7
4506,9.6
24606,5.7
24850,5.4
24705,9.3
24697,6.0
24821,6.6
24991,10.0
24919,7.3
19751,5.6
19287,9.2
19702,8.7
19326,7.8
19515,4.6
19300,10.0
19634,6.4
7158,8.4
7144,5.9
7041,6.0
7172,7.5
7116,10.0
7056,7.7
7130,7.2
9433,6.9
8641,6.8
9453,8.6
9403,6.6
9339,7.6
9540,7.3
9311,8.9
4411,9.1
4392,8.5
4668,8.0
4510,5.3
4375,9.1
4547,8.3
4615,7.3
21665,7.8
21654,6.3
21770,7.7
21759,7.6
21803,7.6
21615,5.0
21706,6.0
22440,5.1
23070,8.5
22288,7.5
22405,7.8
22833,9.2
22042,10.0
23132,8.5
12331,10.0
12340,8.2
12220,6.9
12019,9.4
12156,6.8
12013,5.6
12390,7.3
3509,7.0
2215,8.5
3380,8.2
1688,10.0
2408,7.5
3536,10.0
2101,7.5
23831,8.5
24172,7.7
23647,6.3
23652,10.0
24232,7.0
23728,6.2
23869,9.3
